BLDG ROOM,TERM,LOTTERY #
NASN 100A,03/FA,1001
HNTH 200B,03/FA,1003
CLWL 100B,03/FA,1004
DOWH 200C,03/FA,1005
HNTH 100D,03/FA,1007
EUGS 400B,03/FA,1008
DIXN 200C,03/FA,1009
COLR 300C,03/FA,1011
COLR 200B,03/FA,1012
OWNS 300B,03/FA,1014
EUGS 100A,03/FA,1015
NOUR 207,03/FA,1016
OWNS 200C,03/FA,1017
EUGS 200A,03/FA,1019
BRKS 200B,03/FA,1021
SCOT 300A,03/FA,1022
DOWH 100B,03/FA,1024
OWNS 100A,03/FA,1025
GFRT 203A,03/FA,1027
COLR 100A,03/FA,1029
NOUR 215,03/FA,1031
DIXN 100B,03/FA,1033
NOUR 314,03/FA,1034
WILS 101,03/FA,1035
GFRT 201,03/FA,1039
FACX 200A,03/FA,1041
STAD 202A,03/FA,1042
NOUR 217,03/FA,1043
DAVI 314A,03/FA,1044
DAVI 304A,03/FA,1045
EVAN 111,03/FA,1046
MYER 115A,03/FA,1047
WILS 203,03/FA,1048
BURT 215,03/FA,1049
CLAD 100A,03/FA,1052
DAVI 204A,03/FA,1054
SEVY 409B,03/FA,1055
NOUR 214,03/FA,1056
ALLE 204B,03/FA,1057
BURT 408,03/FA,1061
NOUR 107,03/FA,1065
GFRT 109,03/FA,1071
NOUR 415,03/FA,1073
DAVI 104A,03/FA,1074
WILS 201,03/FA,1077
SEVY 306A,03/FA,1078
SEVY 209B,03/FA,1081
DAVI 404A,03/FA,1083
HUNT 205,03/FA,1085
RICE 111A,03/FA,1087
DAVI 216A,03/FA,1093
RICE 300B,03/FA,1094
HUNT 102,03/FA,1095
DAVI 115,03/FA,1098
SCOT 200B,03/FA,1101
SCOT 100B,03/FA,1102
BURT 235A,03/FA,1103
SEVY 203A,03/FA,1104
SEVY 307B,03/FA,1105
HILL 301,03/FA,1105
BRKS 100A,03/FA,1106
HUNT 202,03/FA,1108
STAD 203A,03/FA,1111
BURT 328,03/FA,1115
BURT 323,03/FA,1116
NOUR 304A,03/FA,1117
SEVY 303B,03/FA,1125
ALLE 206,03/FA,1127
BURT 211,03/FA,1129
ALLE 107A,03/FA,1133
NOUR 106A,03/FA,1135
NOUR 307,03/FA,1137
NOUR 108,03/FA,1138
NOUR 110,03/FA,1139
FACL 204,03/FA,1144
NOUR 407A,03/FA,1145
SEVY 403B,03/FA,1146
NOUR 103,03/FA,1151
SEVY 210B,03/FA,1152
NOUR 014,03/FA,1160
GFRT 202,03/FA,1161
SEVY 208B,03/FA,1162
NOUR 203A,03/FA,1163
STAD 110B,03/FA,1167
SEVY 309A,03/FA,1171
BURT 228,03/FA,1172
WATS 215,03/FA,1173
HUNT 204,03/FA,1176
WATS 216,03/FA,1178
EVAN 109,03/FA,1179
BURT 225A,03/FA,1183
WATS 305,03/FA,1184
HUNT 203,03/FA,1185
RICE 300C,03/FA,1193
BURT 223,03/FA,1197
WILS 202,03/FA,1203
BURT 206,03/FA,1205
WATS 208,03/FA,1207
HILL 101,03/FA,1210
WATS 209,03/FA,1214
BURT 227,03/FA,1216
BURT 317,03/FA,1217
ALLE 101,03/FA,1220
BURT 306,03/FA,1224
BURT 309,03/FA,1226
STAD 201A,03/FA,1228
GHUE 208,03/FA,1231
ALLE 102,03/FA,1233
WILS 102,03/FA,1239
BURT 226A,03/FA,1240
NOUR 208A,03/FA,1250
BURT 205,03/FA,1252
FACL 012A,03/FA,1254
BURT 210,03/FA,1255
BURT 329,03/FA,1257
BURT 310,03/FA,1261
BURT 113A,03/FA,1269
WATS 604,03/FA,1273
BURT 313,03/FA,1275
MYER 213,03/FA,1279
WATS 211,03/FA,1303
ALLE 108,03/FA,1304
NOUR 201A,03/FA,1306
HUNT 105,03/FA,1309
BURT 335,03/FA,1322
SEVY 214B,03/FA,1324
NOUR 303A,03/FA,1325
BURT 109,03/FA,1334
NOUR 418,03/FA,1345
FACL 102,03/FA,1348
BURT 129,03/FA,1349
MYER 233,03/FA,1350
WATS 315,03/FA,1364
RICE 202,03/FA,1367
NOUR 015,03/FA,1368
BURT 305,03/FA,1371
MYER 433,03/FA,1373
BURT 233,03/FA,1380
NOUR 012,03/FA,1390
SEVY 312A,03/FA,1393
BURT 208A,03/FA,1428
BURT 123,03/FA,1431
FACL 202,03/FA,1435
EVAN 103,03/FA,1442
BURT 119,03/FA,1481
WATS 116,03/FA,1494
STAD 204A,03/FA,2002
BURT 217A,03/FA,2005
DAVI 116A,03/FA,2006
BURT 414B,03/FA,2009
BURT 130A,03/FA,2010
DAVI 109,03/FA,2013
MYER 404,03/FA,2014
NOUR 101A,03/FA,2015
NOUR 216,03/FA,2016
BURT 121A,03/FA,2017
BURT 325A,03/FA,2019
NOUR 013,03/FA,2021
BURT 331,03/FA,2022
HILL 208,03/FA,2025
NOUR 301A,03/FA,2027
NOUR 200,03/FA,2028
MYER 214,03/FA,2037
WATS 311,03/FA,2038
DAVI 412,03/FA,2040
FACL 103,03/FA,2041
BURT 308A,03/FA,2042
EVAN 412A,03/FA,2043
BURT 330A,03/FA,2047
NOUR 017,03/FA,2049
MYER 436,03/FA,2050
BURT 124,03/FA,2053
HUNT 110,03/FA,2059
BURT 302A,03/FA,2060
RICE 300A,03/FA,2061
BURT 301A,03/FA,2063
NOUR 300,03/FA,2067
WATS 316,03/FA,2068
GHUE 319,03/FA,2069
FACL 101,03/FA,2072
NOUR 417,03/FA,2073
BURT 103,03/FA,2075
DAVI 409,03/FA,2083
FACL 104,03/FA,2084
MYER 314,03/FA,2086
WATS 205,03/FA,2090
EVAN 101,03/FA,2103
HILL 102,03/FA,2104
BURT 110A,03/FA,2107
MUSS 311,03/FA,2111
WATS 304,03/FA,2113
DAVI 212,03/FA,2114
DAVI 215,03/FA,2116
BURT 418,03/FA,2117
NOUR 312,03/FA,2118
WATS 515,03/FA,2125
RICE 204A,03/FA,2128
EVAN 211A,03/FA,2129
EVAN 205,03/FA,2135
EVAN 210A,03/FA,2136
BURT 402,03/FA,2137
BURT 419,03/FA,2138
WATS 309,03/FA,2139
HILL 201,03/FA,2144
EVAN 409A,03/FA,2148
MYER 402,03/FA,2151
MUSS 427,03/FA,2167
HILL 103,03/FA,2170
EVAN 407A,03/FA,2172
EVAN 304,03/FA,2173
BURT 401,03/FA,2191
MYER 411,03/FA,2200
WATS 416,03/FA,2207
HILL 206,03/FA,2209
WATS 711,03/FA,2217
WATS 701,03/FA,2220
WATS 409,03/FA,2226
MUSS 315,03/FA,2231
GHUE 302,03/FA,2232
MYER 340,03/FA,2244
EVAN 107,03/FA,2246
EVAN 410A,03/FA,2250
WATS 718,03/FA,2280
MYER 446,03/FA,2290
GHUE 408,03/FA,2291
EVAN 311A,03/FA,2295
WATS 715,03/FA,2311
MYER 333,03/FA,2318
WATS 412,03/FA,2323
DAVI 110,03/FA,2324
EVAN 115,03/FA,2326
EVAN 104A,03/FA,2331
WATS 704,03/FA,2354
WATS 411,03/FA,2360
EVAN 303,03/FA,2361
HUNT 208,03/FA,2374
FACL 203,03/FA,2385
WATS 716,03/FA,2390
WATS 308,03/FA,2408
WATS 712,03/FA,2410
WATS 301,03/FA,2412
WATS 401,03/FA,2428
WATS 702,03/FA,2429
MYER 241,03/FA,2432
WATS 402,03/FA,2434
EVAN 105,03/FA,2439
GFRT 200,03/FA,2441
WATS 605,03/FA,2446
WATS 415,03/FA,2450
MUSS 321,03/FA,2453
WATS 512,03/FA,2459
WATS 201,03/FA,2487
WATS 708,03/FA,2493
WATS 505,03/FA,2497
WATS 404,03/FA,2502
WATS 709,03/FA,2519
EVAN 401,03/FA,2523
WATS 204,03/FA,2525
HILL 302,03/FA,3000
GHUE 410,03/FA,3001
EVAN 212A,03/FA,3004
BURT 406,03/FA,3006
EVAN 312A,03/FA,3007
MYER 445,03/FA,3008
EVAN 411A,03/FA,3009
MUSS 428,03/FA,3010
GHUE 210,03/FA,3011
EVAN 209A,03/FA,3014
MUSS 206,03/FA,3015
EVAN 309A,03/FA,3016
EVAN 201,03/FA,3018
WATS 318,03/FA,3019
GHUE 202,03/FA,3020
EVAN 207A,03/FA,3021
MYER 438,03/FA,3022
EVAN 307A,03/FA,3023
GHUE 310,03/FA,3026
MYER 203,03/FA,3027
GHUE 315,03/FA,3030
MUSS 219,03/FA,3031
GHUE 409,03/FA,3032
EVAN 302,03/FA,3033
WATS 218,03/FA,3034
GHUE 415,03/FA,3035
EVAN 204,03/FA,3036
MYER 341,03/FA,3038
WATS 202,03/FA,3039
MYER 408,03/FA,3040
EVAN 305,03/FA,3041
WATS 508,03/FA,3043
EVAN 408A,03/FA,3044
EVAN 406,03/FA,3046
MYER 306,03/FA,3047
MYER 336,03/FA,3048
MYER 302,03/FA,3050
GHUE 309,03/FA,3052
BURT 409,03/FA,3053
MUSS 327,03/FA,3054
MUSS 225,03/FA,3055
MUSS 401,03/FA,3057
MUSS 328,03/FA,3058
MUSS 210,03/FA,3059
GHUE 206,03/FA,3060
EVAN 110,03/FA,3061
FACL 205,03/FA,3062
EVAN 206,03/FA,3063
WATS 616,03/FA,3064
EVAN 116A,03/FA,3067
EVAN 306,03/FA,3068
GHUE 223,03/FA,3073
GHUE 314,03/FA,3075
MUSS 404,03/FA,3077
EVAN 112,03/FA,3079
GHUE 405,03/FA,3083
MUSS 303,03/FA,3084
GHUE 243,03/FA,3088
EVAN 203,03/FA,3092
GHUE 445,03/FA,3093
WATS 405,03/FA,3094
MUSS 426,03/FA,3097
GHUE 106,03/FA,3098
MYER 311,03/FA,3099
GHUE 214,03/FA,3102
GHUE 239,03/FA,3103
GHUE 118,03/FA,3105
RICE 105A,03/FA,3107
GHUE 430,03/FA,3108
MUSS 326,03/FA,3109
GHUE 304,03/FA,3110
GHUE 215,03/FA,3112
WATS 408,03/FA,3119
GHUE 216,03/FA,3121
GHUE 113,03/FA,3122
GHUE 104,03/FA,3124
WATS 418,03/FA,3126
RICE 203A,03/FA,3130
MUSS 409,03/FA,3131
BURT 417,03/FA,3132
GHUE 112,03/FA,3136
GHUE 117,03/FA,3138
WATS 502,03/FA,3141
MUSS 228,03/FA,3145
GHUE 115,03/FA,3146
MUSS 222,03/FA,3148
WATS 509,03/FA,3150
WATS 519,03/FA,3155
EVAN 113,03/FA,3156
MUSS 213,03/FA,3159
GHUE 128,03/FA,3164
GHUE 102,03/FA,3167
WATS 511,03/FA,3177
MUSS 419,03/FA,3182
GHUE 345,03/FA,3184
GHUE 328,03/FA,3185
GHUE 339,03/FA,3187
GHUE 230,03/FA,3193
GHUE 441,03/FA,3194
GHUE 228,03/FA,3195
MUSS 208,03/FA,3198
GHUE 235,03/FA,3200
GHUE 419,03/FA,3202
GHUE 407,03/FA,3204
MUSS 202,03/FA,3205
GHUE 442,03/FA,3207
GHUE 435,03/FA,3209
MUSS 406,03/FA,3213
WATS 705,03/FA,3220
GHUE 402,03/FA,3231
GHUE 137,03/FA,3234
WATS 516,03/FA,3243
MUSS 306,03/FA,3248
MYER 346,03/FA,3257
MYER 301,03/FA,3262
ALLE 208,03/FA,3267
MYER 337,03/FA,3269
WATS 518,03/FA,3276
FACL 100,03/FA,3281
MYER 243,03/FA,3288
WATS 419,03/FA,3293
MYER 201,03/FA,3298
WATS 302,03/FA,3299
GHUE 308,03/FA,3301
FACL 200,03/FA,3307
WATS 219,03/FA,3309
WATS 719,03/FA,3323
MYER 238,03/FA,3327
WATS 504,03/FA,3329
WATS 319,03/FA,3333
WATS 501,03/FA,3338
GHUE 317,03/FA,3340
MUSS 413,03/FA,3346
MUSS 318,03/FA,3364
WATS 615,03/FA,3370
EVAN 114,03/FA,3402
WATS 611,03/FA,3404
ALLE 207,03/FA,3421
WATS 602,03/FA,3426
MUSS 325,03/FA,3485
WATS 608,03/FA,3502
DAVI 007,03/SP,
NASN 100A,04/FA,1001
HNTH 100A,04/FA,1003
SCOT 200A,04/FA,1004
CLWL 100A,04/FA,1005
OWNS 300C,04/FA,1006
HNTH 200A,04/FA,1008
EUGS 400A,04/FA,1010
COLR 300A,04/FA,1011
OWNS 100A,04/FA,1012
DOWH 200D,04/FA,1013
EUGS 200A,04/FA,1014
NOUR 207,04/FA,1015
SCOT 100A,04/FA,1017
COLR 200A,04/FA,1018
OWNS 200A,04/FA,1020
DAVI 314A,04/FA,1021
EUGS 100A,04/FA,1022
BRKS 200B,04/FA,1023
NOUR 309A,04/FA,1024
SCOT 300A,04/FA,1026
DOWH 100A,04/FA,1028
DIXN 100B,04/FA,1030
COLR 100A,04/FA,1031
CLAD 100A,04/FA,1032
BRKS 100A,04/FA,1033
DAVI 304A,04/FA,1035
DIXN 200B,04/FA,1036
WILS 203,04/FA,1037
DAVI 104A,04/FA,1041
WILS 201,04/FA,1043
SEVY 203A,04/FA,1044
SEVY 213,04/FA,1045
SEVY 212A,04/FA,1048
SEVY 303A,04/FA,1051
DAVI 204C,04/FA,1053
BURT 224,04/FA,1054
FACL 103,04/FA,1057
WILS 101,04/FA,1058
WATS 319,04/FA,1063
SEVY 403A,04/FA,1065
WATS 116,04/FA,1066
BURT 211,04/FA,1068
WILS 202,04/FA,1078
SEVY 210A,04/FA,1079
NOUR 206A,04/FA,1081
SEVY 208A,04/FA,1084
DAVI 404A,04/FA,1085
NOUR 307,04/FA,1087
BURT 313,04/FA,1088
NOUR 214,04/FA,1089
SEVY 214A,04/FA,1090
HUNT 110,04/FA,1093
WILS 102,04/FA,1101
SEVY 304,04/FA,1103
NOUR 304A,04/FA,1104
DAVI 214,04/FA,1105
DAVI 412,04/FA,1109
SEVY 209A,04/FA,1116
GFRT 109,04/FA,1118
SEVY 312A,04/FA,1119
BURT 206,04/FA,1120
NOUR 315,04/FA,1122
SEVY 306B,04/FA,1123
NOUR 415,04/FA,1124
GFRT 203A,04/FA,1126
NOUR 314,04/FA,1129
ALLE 108,04/FA,1130
BURT 119,04/FA,1133
BURT 210,04/FA,1134
SEVY 309A,04/FA,1135
GFRT 201,04/FA,1139
BURT 113A,04/FA,1141
HUNT 202,04/FA,1143
BURT 223,04/FA,1147
ALLE 206,04/FA,1157
BURT 306,04/FA,1163
BURT 317,04/FA,1167
DAVI 216A,04/FA,1171
NOUR 101A,04/FA,1176
BURT 328,04/FA,1181
DAVI 114,04/FA,1187
BURT 421,04/FA,1188
BURT 227,04/FA,1190
BURT 110A,04/FA,1192
BURT 108,04/FA,1201
MYER 333,04/FA,1206
BURT 215,04/FA,1216
STAD 110A,04/FA,1217
DAVI 115,04/FA,1218
STAD 204A,04/FA,1227
BURT 233,04/FA,1228
DAVI 116A,04/FA,1233
DAVI 110,04/FA,1237
STAD 203A,04/FA,1241
BURT 123,04/FA,1242
MYER 414,04/FA,1251
BURT 331,04/FA,1254
BURT 305,04/FA,1257
RICE 300A,04/FA,1277
BURT 310,04/FA,1278
BURT 205,04/FA,1283
SEVY 307B,04/FA,1284
FACL 203,04/FA,1286
EVAN 105,04/FA,1287
MYER 433,04/FA,1288
BURT 418,04/FA,1293
SEVY 409B,04/FA,1299
BURT 402,04/FA,1300
BURT 235A,04/FA,1301
BURT 323,04/FA,1307
EVAN 107,04/FA,1315
RICE 300B,04/FA,1321
WATS 609,04/FA,1325
BURT 217A,04/FA,1333
BURT 309,04/FA,1368
HILL 101,04/FA,1370
MYER 334,04/FA,1373
NOUR 407A,04/FA,1375
FACL 101,04/FA,1379
EVAN 101,04/FA,1380
BURT 329,04/FA,1381
BURT 130A,04/FA,1382
BURT 335,04/FA,1384
BURT 408,04/FA,1392
HILL 302,04/FA,1395
FACL 104,04/FA,1399
NOUR 015,04/FA,1403
MYER 413,04/FA,1406
RICE 300C,04/FA,1410
FACL 102,04/FA,1414
BURT 109,04/FA,1417
NOUR 203A,04/FA,1418
EVAN 103,04/FA,1419
EVAN 111,04/FA,1428
BURT 308A,04/FA,1433
MUSS 311,04/FA,1442
MUSS 427,04/FA,1443
MUSS 228,04/FA,1444
BURT 226A,04/FA,1450
WATS 716,04/FA,1455
NOUR 016,04/FA,1458
BURT 302A,04/FA,1459
GHUE 202,04/FA,1468
BURT 208A,04/FA,1472
BURT 121A,04/FA,1477
GHUE 219,04/FA,1480
WATS 316,04/FA,1481
EVAN 110,04/FA,1512
BURT 129,04/FA,1513
EVAN 112,04/FA,1517
MUSS 411,04/FA,1519
ALLE 101,04/FA,1522
NOUR 012,04/FA,1523
NOUR 418,04/FA,2002
NOUR 312,04/FA,2003
BURT 414A,04/FA,2004
PRSH 302,04/FA,2006
BURT 325B,04/FA,2007
MUSS 414,04/FA,2009
DAVI 211,04/FA,2011
BURT 301A,04/FA,2015
BURT 330A,04/FA,2017
BURT 409,04/FA,2018
DAVI 212,04/FA,2021
STAD 202A,04/FA,2022
NOUR 200,04/FA,2025
MYER 115A,04/FA,2026
DAVI 109,04/FA,2030
EVAN 109,04/FA,2034
NOUR 300,04/FA,2036
WATS 608,04/FA,2037
NOUR 301A,04/FA,2038
HUNT 102,04/FA,2039
NOUR 208A,04/FA,2042
WATS 315,04/FA,2044
BURT 406,04/FA,2045
NOUR 201A,04/FA,2047
HILL 301,04/FA,2048
NOUR 106A,04/FA,2053
RICE 105A,04/FA,2055
HILL 208,04/FA,2056
WATS 412,04/FA,2058
NOUR 303A,04/FA,2059
NOUR 217,04/FA,2064
PRSH 309,04/FA,2066
NOUR 216,04/FA,2068
HUNT 203,04/FA,2071
PRSH 109,04/FA,2075
MUSS 428,04/FA,2076
HUNT 205,04/FA,2077
WATS 602,04/FA,2081
HILL 206,04/FA,2084
MYER 404,04/FA,2090
MYER 402,04/FA,2092
EVAN 115,04/FA,2094
HILL 102,04/FA,2099
MYER 408,04/FA,2107
HILL 201,04/FA,2110
EVAN 007,04/FA,2111
MUSS 214,04/FA,2114
NOUR 014,04/FA,2115
WATS 711,04/FA,2121
WATS 616,04/FA,2124
EVAN 009,04/FA,2128
BURT 417,04/FA,2132
EVAN 412A,04/FA,2134
EVAN 104A,04/FA,2135
BURT 401,04/FA,2136
STAD 201A,04/FA,2148
EVAN 210A,04/FA,2152
EVAN 403,04/FA,2153
EVAN 410A,04/FA,2154
MYER 314,04/FA,2157
WATS 408,04/FA,2160
HILL 103,04/FA,2162
HUNT 204,04/FA,2163
WATS 404,04/FA,2167
MYER 214,04/FA,2171
NOUR 013,04/FA,2172
WATS 712,04/FA,2174
RICE 204A,04/FA,2186
EVAN 205,04/FA,2187
NOUR 017,04/FA,2197
EVAN 113,04/FA,2207
WATS 416,04/FA,2209
WATS 708,04/FA,2210
EVAN 307A,04/FA,2212
EVAN 116A,04/FA,2215
EVAN 407A,04/FA,2216
MYER 436,04/FA,2222
MYER 446,04/FA,2225
EVAN 005,04/FA,2230
EVAN 013,04/FA,2231
ALLE 102,04/FA,2239
EVAN 011,04/FA,2241
WATS 704,04/FA,2245
MUSS 328,04/FA,2246
WATS 709,04/FA,2248
EVAN 204,04/FA,2258
WATS 411,04/FA,2266
WATS 705,04/FA,2281
EVAN 015,04/FA,2284
WATS 205,04/FA,2305
GHUE 208,04/FA,2307
WATS 611,04/FA,2310
GHUE 402,04/FA,2311
WATS 612,04/FA,2327
MUSS 211,04/FA,2335
DAVI 409,04/FA,2339
WATS 715,04/FA,2356
WATS 405,04/FA,2357
WATS 501,04/FA,2369
EVAN 114,04/FA,2371
PRSH 311,04/FA,2379
WATS 311,04/FA,2385
WATS 719,04/FA,2386
MYER 445,04/FA,2392
MYER 243,04/FA,2398
WATS 409,04/FA,2401
WATS 508,04/FA,2407
WATS 418,04/FA,2408
WATS 402,04/FA,2410
WATS 505,04/FA,2416
MUSS 213,04/FA,2421
WATS 618,04/FA,2424
WATS 702,04/FA,2425
GHUE 408,04/FA,2428
FACL 204,04/FA,2429
WATS 615,04/FA,2438
WATS 512,04/FA,2449
WATS 515,04/FA,2457
ALLE 204A,04/FA,2471
MYER 234,04/FA,2477
GHUE 308,04/FA,2484
WATS 518,04/FA,2485
WATS 509,04/FA,2489
WATS 605,04/FA,2497
WATS 511,04/FA,2499
WATS 504,04/FA,2500
WATS 502,04/FA,2504
WATS 604,04/FA,2509
WATS 519,04/FA,2510
EVAN 401,04/FA,3002
MYER 346,04/FA,3004
EVAN 304,04/FA,3005
FACL 012B,04/FA,3006
WATS 619,04/FA,3007
EVAN 408A,04/FA,3009
ALLE 207,04/FA,3012
MYER 301,04/FA,3015
EVAN 209A,04/FA,3016
GHUE 419,04/FA,3017
WATS 216,04/FA,3018
PRSH 103,04/FA,3019
EVAN 212A,04/FA,3021
PRSH 308,04/FA,3022
EVAN 312A,04/FA,3024
PRSH 313,04/FA,3027
EVAN 203,04/FA,3028
EVAN 411A,04/FA,3029
MYER 306,04/FA,3030
WATS 211,04/FA,3031
RICE 203A,04/FA,3032
RICE 111A,04/FA,3033
GHUE 302,04/FA,3034
EVAN 302,04/FA,3035
MYER 211,04/FA,3036
MYER 208,04/FA,3039
EVAN 201,04/FA,3040
WATS 302,04/FA,3041
WATS 415,04/FA,3043
EVAN 305,04/FA,3046
PRSH 104B,04/FA,3047
WATS 204,04/FA,3048
WATS 308,04/FA,3049
ALLE 107A,04/FA,3050
EVAN 207A,04/FA,3051
EVAN 309A,04/FA,3053
EVAN 211A,04/FA,3055
MYER 438,04/FA,3057
EVAN 206,04/FA,3059
GHUE 309,04/FA,3060
WATS 202,04/FA,3064
WATS 419,04/FA,3065
GHUE 409,04/FA,3067
GHUE 405,04/FA,3068
GHUE 319,04/FA,3074
MYER 341,04/FA,3080
MYER 241,04/FA,3081
WATS 318,04/FA,3082
WATS 215,04/FA,3086
GHUE 305,04/FA,3087
WATS 312,04/FA,3088
EVAN 311A,04/FA,3089
MYER 238,04/FA,3090
GHUE 210,04/FA,3091
GHUE 314,04/FA,3094
MUSS 313,04/FA,3096
WATS 304,04/FA,3099
WATS 309,04/FA,3100
WATS 305,04/FA,3101
WATS 209,04/FA,3103
WATS 218,04/FA,3104
MYER 203,04/FA,3106
WATS 219,04/FA,3110
MYER 311,04/FA,3111
MUSS 321,04/FA,3112
MYER 206,04/FA,3114
GHUE 328,04/FA,3116
GHUE 310,04/FA,3119
EVAN 306,04/FA,3121
MYER 337,04/FA,3123
GHUE 214,04/FA,3125
HUNT 105,04/FA,3126
EVAN 406,04/FA,3127
MYER 340,04/FA,3128
GHUE 206,04/FA,3138
WATS 208,04/FA,3146
MYER 302,04/FA,3147
MUSS 219,04/FA,3148
GFRT 202,04/FA,3149
MYER 201,04/FA,3151
GHUE 104,04/FA,3153
GHUE 315,04/FA,3154
GHUE 216,04/FA,3160
GHUE 345,04/FA,3165
MUSS 303,04/FA,3167
GHUE 316,04/FA,3168
GFRT 200,04/FA,3170
GHUE 106,04/FA,3172
GHUE 415,04/FA,3173
RICE 202,04/FA,3175
GHUE 112,04/FA,3176
GHUE 113,04/FA,3181
GHUE 215,04/FA,3183
MUSS 225,04/FA,3187
GHUE 239,04/FA,3189
GHUE 243,04/FA,3193
HUNT 208,04/FA,3205
GHUE 407,04/FA,3210
FACL 100,04/FA,3213
FACL 205,04/FA,3222
FACL 200,04/FA,3225
GHUE 115,04/FA,3247
MUSS 222,04/FA,3248
GHUE 435,04/FA,3251
GHUE 117,04/FA,3256
MUSS 401,04/FA,3259
GHUE 228,04/FA,3260
GHUE 430,04/FA,3261
GHUE 118,04/FA,3270
GHUE 230,04/FA,3276
GHUE 445,04/FA,3295
GHUE 137,04/FA,3301
GHUE 235,04/FA,3307
GHUE 441,04/FA,3308
GHUE 339,04/FA,3313
FACL 105,04/FA,3323
MUSS 419,04/FA,3342
GHUE 223,04/FA,3347
MUSS 208,04/FA,3361
GHUE 128,04/FA,3373
MUSS 210,04/FA,3386
GHUE 102,04/FA,3396
MUSS 409,04/FA,3404
ALLE 208,04/FA,3447
NASN 100A,05/FA,1001
CLAD 100A,05/FA,1002
HNTH 100B,05/FA,1004
HNTH 200C,05/FA,1005
CLWL 100D,05/FA,1006
SCOT 200C,05/FA,1007
DOWH 200D,05/FA,1008
OWNS 200C,05/FA,1009
EUGS 200A,05/FA,1010
SCOT 300C,05/FA,1011
DIXN 200A,05/FA,1014
OWNS 300B,05/FA,1017
COLR 200A,05/FA,1018
EUGS 100B,05/FA,1019
COLR 300A,05/FA,1020
EUGS 400B,05/FA,1021
SCOT 100B,05/FA,1022
BRKS 200B,05/FA,1023
OWNS 100C,05/FA,1024
BRKS 100A,05/FA,1026
DIXN 100A,05/FA,1028
COLR 100A,05/FA,1030
DOWH 100A,05/FA,1031
DAVI 104A,05/FA,1034
SEVY 303B,05/FA,1037
SEVY 203C,05/FA,1040
SEVY 307B,05/FA,1041
BURT 228,05/FA,1045
DAVI 204A,05/FA,1053
HILL 201,05/FA,1055
DAVI 304A,05/FA,1056
DAVI 308,05/FA,1057
SEVY 213,05/FA,1059
SEVY 212A,05/FA,1060
SEVY 304,05/FA,1061
DAVI 404A,05/FA,1064
BURT 223,05/FA,1065
STAD 110B,05/FA,1069
SEVY 403B,05/FA,1072
BURT 317,05/FA,1076
DAVI 214,05/FA,1080
NOUR 110,05/FA,1081
BURT 331,05/FA,1083
BURT 110A,05/FA,1084
DAVI 216A,05/FA,1096
HILL 302,05/FA,1098
SEVY 306A,05/FA,1099
EVAN 005,05/FA,1102
BURT 205,05/FA,1104
NOUR 107,05/FA,1106
STAD 204A,05/FA,1109
WILS 201,05/FA,1112
BURT 409,05/FA,1115
STAD 203A,05/FA,1116
HUNT 202,05/FA,1118
BURT 113A,05/FA,1137
NOUR 206A,05/FA,1142
BURT 217A,05/FA,1143
HILL 101,05/FA,1145
NOUR 103,05/FA,1149
DAVI 116A,05/FA,1150
NOUR 214,05/FA,1153
BURT 323,05/FA,1154
BURT 224,05/FA,1155
NOUR 309A,05/FA,1159
SEVY 409A,05/FA,1160
BURT 309,05/FA,1161
BURT 210,05/FA,1162
BURT 235A,05/FA,1163
NOUR 106A,05/FA,1165
BURT 306,05/FA,1169
BURT 123,05/FA,1172
NOUR 101A,05/FA,1179
BURT 227,05/FA,1180
RICE 111A,05/FA,1185
BURT 215,05/FA,1186
BURT 225A,05/FA,1189
BURT 414A,05/FA,1190
MYER 203,05/FA,1191
BURT 312A,05/FA,1195
DAVI 412,05/FA,1202
HUNT 103,05/FA,1206
HILL 206,05/FA,1215
MYER 115A,05/FA,1216
WILS 102,05/FA,1221
BURT 329,05/FA,1228
SEVY 208A,05/FA,1234
STAD 201A,05/FA,1237
NOUR 407A,05/FA,1245
HILL 208,05/FA,1246
ALLE 204A,05/FA,1254
NOUR 417,05/FA,1267
ALLE 204B,05/FA,1268
BURT 313,05/FA,1272
BURT 305,05/FA,1277
BURT 335,05/FA,1280
BURT 211,05/FA,1282
RICE 300B,05/FA,1292
WATH 202,05/FA,1294
WILS 203,05/FA,1296
ALLE 206,05/FA,1299
SEVY 209A,05/FA,1302
RICE 300A,05/FA,1308
WATS 504,05/FA,1311
NOUR 016,05/FA,1312
WILS 202,05/FA,1315
NOUR 314,05/FA,1316
EVAN 109,05/FA,1317
HUNT 102,05/FA,1327
NOUR 307,05/FA,1328
BURT 419,05/FA,1331
WATS 408,05/FA,1348
WATH 102,05/FA,1349
SEVY 210B,05/FA,1350
BURT 108,05/FA,1351
FACL 204,05/FA,1365
NOUR 415,05/FA,1374
MYER 433,05/FA,1379
BURT 121A,05/FA,1382
WATS 509,05/FA,1383
BURT 402,05/FA,1384
MUSS 327,05/FA,1402
BURT 103,05/FA,1407
NOUR 201A,05/FA,1411
EVAN 013,05/FA,1412
BURT 129,05/FA,1419
BURT 418,05/FA,1422
WATS 415,05/FA,1424
BURT 206,05/FA,1425
WATS 405,05/FA,1434
BURT 124,05/FA,1439
MYER 214,05/FA,1448
BURT 109,05/FA,1449
NOUR 017,05/FA,1457
GHUE 304,05/FA,1467
WATS 409,05/FA,1477
MYER 233,05/FA,1481
BURT 408,05/FA,1485
NOUR 418,05/FA,1491
EVAN 009,05/FA,1493
HUNT 204,05/FA,1504
MUSS 227,05/FA,1510
NOUR 306A,05/FA,2001
FACX 200C,05/FA,2006
NOUR 300,05/FA,2009
WATS 116,05/FA,2017
RICE 300C,05/FA,2021
SEVY 214B,05/FA,2023
WATS 716,05/FA,2024
DAVI 309,05/FA,2025
SEVY 309A,05/FA,2026
SEVY 312A,05/FA,2027
MYER 314,05/FA,2029
WATH 101,05/FA,2030
MYER 311,05/FA,2031
DAVI 212,05/FA,2033
BURT 308A,05/FA,2035
BURT 226A,05/FA,2036
DAVI 211,05/FA,2037
BURT 325B,05/FA,2038
STAD 202A,05/FA,2039
NOUR 200,05/FA,2046
BURT 302A,05/FA,2047
WATS 309,05/FA,2048
BURT 301A,05/FA,2052
NOUR 216,05/FA,2053
BURT 119,05/FA,2054
ALLE 101,05/FA,2056
EVAN 312A,05/FA,2057
EVAN 101,05/FA,2058
NOUR 312,05/FA,2059
WATS 711,05/FA,2064
DAVI 114,05/FA,2065
NOUR 301A,05/FA,2066
BURT 208A,05/FA,2067
WATH 203,05/FA,2077
WATS 208,05/FA,2078
HILL 301,05/FA,2081
EVAN 211A,05/FA,2083
DAVI 209,05/FA,2086
MUSS 215,05/FA,2087
NOUR 203A,05/FA,2099
EVAN 103,05/FA,2111
BURT 130A,05/FA,2112
WATS 512,05/FA,2114
NOUR 217,05/FA,2117
FACL 103,05/FA,2118
EVAN 111,05/FA,2124
NOUR 015,05/FA,2127
EVAN 113,05/FA,2131
EVAN 011,05/FA,2160
GHUE 208,05/FA,2161
WATS 211,05/FA,2163
BURT 330A,05/FA,2165
NOUR 014,05/FA,2168
NOUR 012,05/FA,2169
NOUR 208A,05/FA,2177
WATS 311,05/FA,2179
EVAN 007,05/FA,2187
WATS 508,05/FA,2190
WATS 516,05/FA,2193
EVAN 105,05/FA,2195
WATS 212,05/FA,2200
GHUE 302,05/FA,2202
BURT 322,05/FA,2208
FACL 203,05/FA,2214
MUSS 414,05/FA,2216
DAVI 215,05/FA,2229
FACL 101,05/FA,2235
WATS 709,05/FA,2248
WATS 411,05/FA,2252
WATS 702,05/FA,2254
MUSS 428,05/FA,2268
WATS 305,05/FA,2269
HUNT 205,05/FA,2290
DAVI 122,05/FA,2292
FACL 201,05/FA,2294
WATS 511,05/FA,2297
MUSS 314,05/FA,2303
WATS 308,05/FA,2306
GHUE 319,05/FA,2307
WATS 412,05/FA,2318
WATS 312,05/FA,2324
WATS 301,05/FA,2330
NOUR 304A,05/FA,2342
WATS 304,05/FA,2344
WATS 316,05/FA,2346
ALLE 107A,05/FA,2372
DAVI 109,05/FA,2388
DAVI 409,05/FA,2390
WATS 318,05/FA,2398
GHUE 408,05/FA,2399
WATS 611,05/FA,2408
DAVI 110,05/FA,2414
WATS 718,05/FA,2418
EVAN 112,05/FA,2421
WATS 202,05/FA,2429
WATS 216,05/FA,2431
WATS 612,05/FA,2434
GHUE 419,05/FA,2437
WATS 615,05/FA,2445
MYER 333,05/FA,2448
ALLE 108,05/FA,2453
WATS 609,05/FA,2459
EVAN 110,05/FA,2470
WATS 619,05/FA,2489
EVAN 212A,05/FA,3002
EVAN 311A,05/FA,3003
EVAN 411A,05/FA,3004
EVAN 302,05/FA,3005
EVAN 209A,05/FA,3007
MUSS 214,05/FA,3008
EVAN 207A,05/FA,3011
MYER 337,05/FA,3012
MYER 336,05/FA,3013
EVAN 202,05/FA,3015
MYER 411,05/FA,3016
RICE 203A,05/FA,3017
EVAN 307A,05/FA,3019
HILL 102,05/FA,3020
WATS 708,05/FA,3021
EVAN 309A,05/FA,3022
HILL 103,05/FA,3023
PRSH 103,05/FA,3024
PRSH 104B,05/FA,3026
EVAN 409A,05/FA,3027
BURT 406,05/FA,3028
FACL 102,05/FA,3029
MYER 401,05/FA,3034
GHUE 409,05/FA,3035
WATS 215,05/FA,3036
GHUE 310,05/FA,3038
MYER 404,05/FA,3039
MYER 208,05/FA,3040
EVAN 407A,05/FA,3041
EVAN 401,05/FA,3042
EVAN 408A,05/FA,3043
MYER 408,05/FA,3044
PRSH 109,05/FA,3045
MYER 445,05/FA,3047
RICE 204A,05/FA,3048
EVAN 412A,05/FA,3049
FACL 100,05/FA,3052
EVAN 204,05/FA,3053
EVAN 304,05/FA,3054
GHUE 309,05/FA,3055
PRSH 210A,05/FA,3056
WATS 201,05/FA,3060
MYER 236,05/FA,3061
WATS 605,05/FA,3063
GHUE 308,05/FA,3067
WATS 404,05/FA,3068
PRSH 313,05/FA,3069
GHUE 314,05/FA,3070
EVAN 104A,05/FA,3071
EVAN 403,05/FA,3072
GHUE 405,05/FA,3073
WATS 402,05/FA,3078
MYER 438,05/FA,3082
MYER 211,05/FA,3083
MYER 436,05/FA,3089
MYER 302,05/FA,3091
MYER 201,05/FA,3092
EVAN 015,05/FA,3093
EVAN 306,05/FA,3094
WATS 705,05/FA,3096
EVAN 210A,05/FA,3098
EVAN 115,05/FA,3100
BURT 401,05/FA,3101
FACL 200,05/FA,3104
GHUE 315,05/FA,3105
MYER 241,05/FA,3106
GHUE 328,05/FA,3107
GHUE 104,05/FA,3110
GHUE 339,05/FA,3114
MYER 446,05/FA,3116
EVAN 205,05/FA,3118
GHUE 216,05/FA,3119
EVAN 305,05/FA,3121
WATS 712,05/FA,3127
WATS 515,05/FA,3128
WATS 419,05/FA,3129
GHUE 442,05/FA,3131
GHUE 113,05/FA,3132
NOUR 013,05/FA,3134
FACL 202,05/FA,3135
BURT 417,05/FA,3138
EVAN 410A,05/FA,3142
WATS 204,05/FA,3143
WATS 604,05/FA,3146
GHUE 115,05/FA,3150
MUSS 208,05/FA,3152
MUSS 206,05/FA,3153
GHUE 128,05/FA,3154
GHUE 415,05/FA,3155
MUSS 406,05/FA,3156
WATS 416,05/FA,3157
MUSS 426,05/FA,3158
MUSS 318,05/FA,3160
MUSS 306,05/FA,3162
GHUE 214,05/FA,3169
WATS 502,05/FA,3171
GHUE 219,05/FA,3172
HUNT 203,05/FA,3173
MUSS 325,05/FA,3176
EVAN 406,05/FA,3177
EVAN 116A,05/FA,3178
EVAN 203,05/FA,3188
GHUE 207,05/FA,3193
MYER 243,05/FA,3194
MUSS 317,05/FA,3199
MUSS 326,05/FA,3203
GHUE 228,05/FA,3208
WATS 704,05/FA,3209
WATS 519,05/FA,3220
WATS 501,05/FA,3229
EVAN 206,05/FA,3238
GHUE 345,05/FA,3241
GHUE 235,05/FA,3254
MUSS 401,05/FA,3257
MUSS 411,05/FA,3262
GHUE 102,05/FA,3265
ALLE 102,05/FA,3266
WATS 715,05/FA,3268
MYER 301,05/FA,3273
ALLE 207,05/FA,3280
MYER 341,05/FA,3288
WATS 518,05/FA,3291
WATH 103,05/FA,3297
WATS 602,05/FA,3299
GHUE 122,05/FA,3310
GHUE 243,05/FA,3312
MUSS 321,05/FA,3314
WATS 319,05/FA,3343
BURT 222,05/FA,3369
GHUE 137,05/FA,3376
WATS 315,05/FA,3377
WATS 618,05/FA,3382
MUSS 222,05/FA,3389
GHUE 202,05/FA,3395
WATS 608,05/FA,3396
MUSS 211,05/FA,3404
ALLE 208,05/FA,3423
WATS 616,05/FA,3468
GHUE 402,05/FA,3477
GHUE 441,05/FA,3478
FACL 104,05/FA,5306
NASN 100A,06/FA,1001
HNTH 100B,06/FA,1002
HNTH 200C,06/FA,1003
CLWL 100A,06/FA,1004
SCOT 200A,06/FA,1005
EUGS 200C,06/FA,1006
COLR 200C,06/FA,1007
OWNS 200B,06/FA,1008
NFLD OPT,06/FA,1009
EUGS 400B,06/FA,1010
DOWH 200D,06/FA,1011
OWNS 300A,06/FA,1012
COLR 300A,06/FA,1013
OWNS 100A,06/FA,1014
PAGE 200C,06/FA,1015
SCOT 300A,06/FA,1016
SCOT 100A,06/FA,1018
EUGS 100A,06/FA,1019
BRKS 200B,06/FA,1021
BRKS 100A,06/FA,1022
PAGW 200C,06/FA,1023
COLR 100A,06/FA,1027
DIXN 100A,06/FA,1028
NFLD OPT,06/FA,1029
NFLD OPT,06/FA,1030
CLAD 100A,06/FA,1033
DIXN 200A,06/FA,1034
DOWH 100A,06/FA,1035
STAD 110B,06/FA,1036
DAVI 314A,06/FA,1038
DAVI 204A,06/FA,1042
216 208,06/FA,1043
STAD 202A,06/FA,1044
NFLD OPT,06/FA,1045
FACL 012B,06/FA,1046
NFLD OPT,06/FA,1047
SEVY 203B,06/FA,1048
SEVY 212A,06/FA,1049
DAVI 304A,06/FA,1050
SEVY 303C,06/FA,1051
NFLD OPT,06/FA,1052
NFLD OPT,06/FA,1055
NFLD OPT,06/FA,1056
NFLD OPT,06/FA,1058
BURT 215,06/FA,1059
SEVY 403A,06/FA,1060
NFLD OPT,06/FA,1062
NOUR 307,06/FA,1065
NFLD OPT,06/FA,1068
NFLD OPT,06/FA,1070
ALLE 101,06/FA,1072
SEVY 304,06/FA,1073
NOUR 207,06/FA,1074
ALLE 102,06/FA,1076
SEVY 309B,06/FA,1077
WILS 101,06/FA,1085
BURT 305,06/FA,1086
NFLD OPT,06/FA,1089
SEVY 210A,06/FA,1090
NFLD OPT,06/FA,1091
HUNT 103,06/FA,1094
NFLD OPT,06/FA,1096
NFLD OPT,06/FA,1097
BURT 306,06/FA,1098
NFLD OPT,06/FA,1099
NFLD OPT,06/FA,1100
NFLD OPT,06/FA,1102
SEVY 409B,06/FA,1103
SEVY 209A,06/FA,1105
NFLD OPT,06/FA,1108
NFLD OPT,06/FA,1110
NFLD OPT,06/FA,1112
NFLD OPT,06/FA,1114
NFLD OPT,06/FA,1116
NFLD OPT,06/FA,1118
WILS 203,06/FA,1119
NFLD OPT,06/FA,1121
DAVI 104A,06/FA,1123
EVAN 105,06/FA,1124
NFLD OPT,06/FA,1125
BURT 408,06/FA,1126
NFLD OPT,06/FA,1127
BURT 233,06/FA,1129
SEVY 214A,06/FA,1130
BURT 210,06/FA,1131
SEVY 213,06/FA,1132
NOUR 108,06/FA,1136
NFLD OPT,06/FA,1143
NFLD OPT,06/FA,1144
NOUR 314,06/FA,1146
DAVI 404A,06/FA,1148
DAVI 114,06/FA,1150
MYER 414,06/FA,1151
NFLD OPT,06/FA,1153
NOUR 012,06/FA,1154
STAD 204A,06/FA,1157
SEVY 312A,06/FA,1158
NFLD OPT,06/FA,1159
BURT 227,06/FA,1162
BURT 110A,06/FA,1165
DAVI 214,06/FA,1166
NFLD OPT,06/FA,1167
NOUR 214,06/FA,1168
NFLD OPT,06/FA,1169
NFLD OPT,06/FA,1170
WILS 201,06/FA,1171
BURT 325A,06/FA,1172
SEVY 208A,06/FA,1173
NFLD OPT,06/FA,1174
BURT 206,06/FA,1181
NFLD OPT,06/FA,1182
NFLD OPT,06/FA,1184
BURT 309,06/FA,1185
BURT 223,06/FA,1189
RICE 203A,06/FA,1190
NFLD OPT,06/FA,1192
BURT 322,06/FA,1194
NFLD OPT,06/FA,1196
WATS 209,06/FA,1198
NFLD OPT,06/FA,1199
WATS 205,06/FA,1200
NFLD OPT,06/FA,1201
NFLD OPT,06/FA,1203
NFLD OPT,06/FA,1206
NFLD OPT,06/FA,1207
NFLD OPT,06/FA,1208
STAD 203A,06/FA,1211
SEVY 306A,06/FA,1213
NFLD OPT,06/FA,1220
NOUR 103,06/FA,1223
BURT 222,06/FA,1224
NFLD OPT,06/FA,1228
SEVY 307B,06/FA,1229
STAD 201A,06/FA,1231
NFLD OPT,06/FA,1234
NOUR 415,06/FA,1235
NFLD OPT,06/FA,1236
DAVI 216A,06/FA,1237
NFLD OPT,06/FA,1239
216 201,06/FA,1244
BURT 414A,06/FA,1245
NFLD OPT,06/FA,1246
NFLD OPT,06/FA,1248
NFLD OPT,06/FA,1249
NFLD OPT,06/FA,1253
WILS 202,06/FA,1257
NFLD OPT,06/FA,1258
RICE 111A,06/FA,1262
BURT 113A,06/FA,1264
NFLD OPT,06/FA,1268
NFLD OPT,06/FA,1271
BURT 418,06/FA,1272
NFLD OPT,06/FA,1273
NFLD OPT,06/FA,1276
RICE 105A,06/FA,1280
BURT 331,06/FA,1281
NOUR 110,06/FA,1282
BURT 124,06/FA,1283
NFLD OPT,06/FA,1284
NFLD OPT,06/FA,1285
NFLD OPT,06/FA,1287
NFLD OPT,06/FA,1290
MYER 313,06/FA,1296
BURT 402,06/FA,1297
NFLD OPT,06/FA,1298
NFLD OPT,06/FA,1303
DAVI 308,06/FA,1306
EVAN 114,06/FA,1307
NFLD OPT,06/FA,1308
BURT 129,06/FA,1309
BURT 225A,06/FA,1311
BURT 313,06/FA,1312
NFLD OPT,06/FA,1314
WILS 102,06/FA,1319
NFLD OPT,06/FA,1320
WATS 216,06/FA,1323
NFLD OPT,06/FA,1325
NFLD OPT,06/FA,1326
NFLD OPT,06/FA,1327
NFLD OPT,06/FA,1328
EVAN 113,06/FA,1330
NFLD OPT,06/FA,1331
MYER 233,06/FA,1332
NFLD OPT,06/FA,1333
BURT 211,06/FA,1334
NFLD OPT,06/FA,1336
NFLD OPT,06/FA,1340
NFLD OPT,06/FA,1341
NFLD OPT,06/FA,1342
NFLD OPT,06/FA,1344
NFLD OPT,06/FA,1345
NFLD OPT,06/FA,1346
NFLD OPT,06/FA,1347
NFLD OPT,06/FA,1351
RICE 300A,06/FA,1352
NFLD OPT,06/FA,1353
RICE 300B,06/FA,1354
FACL 101,06/FA,1356
NFLD OPT,06/FA,1358
BURT 317,06/FA,1359
NFLD OPT,06/FA,1361
NFLD OPT,06/FA,1362
NFLD OPT,06/FA,1363
NFLD OPT,06/FA,1364
BURT 205,06/FA,1367
NOUR 417,06/FA,1369
MUSS 328,06/FA,1371
NFLD OPT,06/FA,1373
NFLD OPT,06/FA,1374
GHUE 304,06/FA,1376
NFLD OPT,06/FA,1377
HUNT 110,06/FA,1379
BURT 228,06/FA,1380
NFLD OPT,06/FA,1382
NFLD OPT,06/FA,1384
BURT 310,06/FA,1385
FACL 103,06/FA,1389
BURT 103,06/FA,1390
NFLD OPT,06/FA,1391
NFLD OPT,06/FA,1392
EVAN 107,06/FA,1393
NFLD OPT,06/FA,1394
NFLD OPT,06/FA,1396
NFLD OPT,06/FA,1402
NFLD OPT,06/FA,1403
NFLD OPT,06/FA,1404
NOUR 015,06/FA,1405
NFLD OPT,06/FA,1410
GHUE 125,06/FA,1411
NFLD OPT,06/FA,1414
NFLD OPT,06/FA,1415
NFLD OPT,06/FA,1417
BURT 323,06/FA,1418
BURT 329,06/FA,1421
BURT 335,06/FA,1423
NOUR 309A,06/FA,1426
NFLD OPT,06/FA,1429
NFLD OPT,06/FA,1431
MUSS 327,06/FA,1432
NFLD OPT,06/FA,1433
WATS 708,06/FA,1434
NFLD OPT,06/FA,1436
NFLD OPT,06/FA,1437
NFLD OPT,06/FA,1442
GHUE 419,06/FA,1446
DAVI 115,06/FA,1447
NFLD OPT,06/FA,1448
NFLD OPT,06/FA,1449
NFLD OPT,06/FA,1452
HILL 301,06/FA,1453
NFLD OPT,06/FA,1454
NFLD OPT,06/FA,1461
NOUR 016,06/FA,1463
NFLD OPT,06/FA,1465
DAVI 116A,06/FA,1468
NFLD OPT,06/FA,1470
NFLD OPT,06/FA,1478
NFLD OPT,06/FA,1479
NFLD OPT,06/FA,1480
BURT 108,06/FA,2001
DAVI 212,06/FA,2002
HILL 101,06/FA,2006
BURT 301A,06/FA,2007
NOUR 206A,06/FA,2008
BURT 208A,06/FA,2010
HUNT 202,06/FA,2011
NFLD OPT,06/FA,2012
BURT 235A,06/FA,2013
WATS 116,06/FA,2016
NOUR 217,06/FA,2017
BURT 226B,06/FA,2019
BURT 119,06/FA,2021
HILL 102,06/FA,2023
ALLE 108,06/FA,2031
BURT 308A,06/FA,2040
BURT 330A,06/FA,2041
MUSS 315,06/FA,2046
NOUR 216,06/FA,2047
MYER 115A,06/FA,2049
EVAN 205,06/FA,2050
GHUE 202,06/FA,2053
WATS 316,06/FA,2060
WATS 516,06/FA,2061
BURT 217A,06/FA,2067
BURT 121A,06/FA,2069
WATS 302,06/FA,2070
NOUR 017,06/FA,2072
NFLD OPT,06/FA,2073
BURT 109,06/FA,2074
NOUR 106A,06/FA,2076
HILL 201,06/FA,2079
HUNT 102,06/FA,2084
NFLD OPT,06/FA,2087
DAVI 211,06/FA,2090
NFLD OPT,06/FA,2093
MYER 433,06/FA,2104
WATS 304,06/FA,2105
DAVI 309,06/FA,2109
NFLD OPT,06/FA,2111
RICE 300C,06/FA,2112
DAVI 209,06/FA,2113
MUSS 427,06/FA,2117
WATS 211,06/FA,2119
DAVI 409,06/FA,2121
NFLD OPT,06/FA,2128
NFLD OPT,06/FA,2129
BURT 302A,06/FA,2130
EVAN 212A,06/FA,2132
NFLD OPT,06/FA,2137
EVAN 110,06/FA,2138
EVAN 112,06/FA,2139
216 203,06/FA,2140
NFLD OPT,06/FA,2142
MUSS 414,06/FA,2143
WATS 515,06/FA,2144
NFLD OPT,06/FA,2149
NOUR 306A,06/FA,2151
WATS 716,06/FA,2154
NOUR 013,06/FA,2160
ALLE 206,06/FA,2164
GHUE 118,06/FA,2166
NOUR 201A,06/FA,2167
DAVI 215,06/FA,2168
WATS 709,06/FA,2172
NFLD OPT,06/FA,2173
GHUE 219,06/FA,2176
EVAN 401,06/FA,2183
FACL 202,06/FA,2184
BURT 409,06/FA,2190
MYER 333,06/FA,2192
MYER 445,06/FA,2196
EVAN 104A,06/FA,2198
NFLD OPT,06/FA,2209
WATS 408,06/FA,2211
NFLD OPT,06/FA,2213
FACL 102,06/FA,2215
WATS 219,06/FA,2217
NFLD OPT,06/FA,2221
NFLD OPT,06/FA,2223
MUSS 428,06/FA,2225
NFLD OPT,06/FA,2227
NFLD OPT,06/FA,2230
NFLD OPT,06/FA,2231
NFLD OPT,06/FA,2232
NOUR 014,06/FA,2238
HILL 208,06/FA,2241
MYER 214,06/FA,2243
GHUE 408,06/FA,2246
HILL 206,06/FA,2250
EVAN 013,06/FA,2259
NOUR 407A,06/FA,2261
NFLD OPT,06/FA,2267
WATS 212,06/FA,2270
NFLD OPT,06/FA,2277
WATS 315,06/FA,2283
NFLD OPT,06/FA,2284
NFLD OPT,06/FA,2287
WATS 201,06/FA,2288
NFLD OPT,06/FA,2292
EVAN 411A,06/FA,2295
NFLD OPT,06/FA,2296
NFLD OPT,06/FA,2297
GHUE 302,06/FA,2301
ALLE 204A,06/FA,2313
NFLD OPT,06/FA,2316
NFLD OPT,06/FA,2317
NFLD OPT,06/FA,2324
NFLD OPT,06/FA,2326
WATS 415,06/FA,2327
WATS 409,06/FA,2329
HILL 205,06/FA,2336
WATS 511,06/FA,2337
NFLD OPT,06/FA,2340
RICE 204A,06/FA,2344
EVAN 408A,06/FA,2347
NFLD OPT,06/FA,2349
WATS 509,06/FA,2355
NFLD OPT,06/FA,2356
NFLD OPT,06/FA,2362
WATS 208,06/FA,2365
NFLD OPT,06/FA,2375
EVAN 311A,06/FA,2380
GHUE 319,06/FA,2389
WATS 218,06/FA,2390
NFLD OPT,06/FA,2400
WATS 309,06/FA,2405
WATS 202,06/FA,2406
NFLD OPT,06/FA,2410
NFLD OPT,06/FA,2416
NFLD OPT,06/FA,2421
NFLD OPT,06/FA,2425
NFLD OPT,06/FA,2429
NFLD OPT,06/FA,2433
GHUE 402,06/FA,2437
NFLD OPT,06/FA,2443
NFLD OPT,06/FA,2445
MUSS 415,06/FA,2452
NOUR 200,06/FA,2453
ALLE 107A,06/FA,2457
PRSH 215,06/FA,2461
EVAN 109,06/FA,2462
WATS 711,06/FA,2471
EVAN 412A,06/FA,2474
NFLD OPT,06/FA,2475
BURT 419,06/FA,2483
NFLD OPT,06/FA,2484
NFLD OPT,06/FA,2486
WATS 215,06/FA,2491
EVAN 403,06/FA,3001
DAVI 109,06/FA,3004
NOUR 300,06/FA,3005
EVAN 211A,06/FA,3006
NOUR 301A,06/FA,3007
WATS 718,06/FA,3008
EVAN 201,06/FA,3009
BURT 130A,06/FA,3010
HILL 103,06/FA,3012
EVAN 410A,06/FA,3014
NOUR 303A,06/FA,3016
EVAN 409A,06/FA,3017
EVAN 312A,06/FA,3018
EVAN 209A,06/FA,3019
EVAN 103,06/FA,3021
WATS 702,06/FA,3022
DAVI 110,06/FA,3024
NOUR 203A,06/FA,3025
NOUR 208A,06/FA,3027
WATS 704,06/FA,3029
EVAN 407A,06/FA,3033
EVAN 204,06/FA,3036
EVAN 309A,06/FA,3038
EVAN 304,06/FA,3044
EVAN 301,06/FA,3045
BURT 401,06/FA,3047
BURT 230A,06/FA,3050
NOUR 304A,06/FA,3052
EVAN 207A,06/FA,3055
WATS 305,06/FA,3060
EVAN 307A,06/FA,3063
MYER 436,06/FA,3069
EVAN 305,06/FA,3070
MYER 411,06/FA,3072
HUNT 205,06/FA,3073
WATS 611,06/FA,3074
NOUR 312,06/FA,3077
MYER 401,06/FA,3080
WATS 618,06/FA,3081
HILL 302,06/FA,3083
EVAN 306,06/FA,3087
PRSH 204,06/FA,3088
GHUE 410,06/FA,3090
EVAN 116A,06/FA,3091
MYER 438,06/FA,3093
MYER 211,06/FA,3094
MYER 314,06/FA,3096
MUSS 326,06/FA,3097
NOUR 418,06/FA,3099
MYER 408,06/FA,3100
MYER 402,06/FA,3101
WATS 705,06/FA,3105
GHUE 308,06/FA,3106
EVAN 210A,06/FA,3112
MYER 334,06/FA,3115
WATS 405,06/FA,3117
GHUE 309,06/FA,3119
GHUE 210,06/FA,3120
MYER 404,06/FA,3123
WATS 612,06/FA,3125
EVAN 009,06/FA,3128
PRSH 309,06/FA,3130
EVAN 406,06/FA,3131
GHUE 208,06/FA,3134
FACL 201,06/FA,3137
MYER 346,06/FA,3138
GHUE 409,06/FA,3139
MUSS 227,06/FA,3140
GHUE 214,06/FA,3142
GHUE 216,06/FA,3143
MYER 306,06/FA,3144
WATS 301,06/FA,3145
WATS 605,06/FA,3149
WATS 712,06/FA,3153
BURT 406,06/FA,3154
MYER 341,06/FA,3156
HUNT 203,06/FA,3157
WATS 319,06/FA,3159
GHUE 415,06/FA,3162
BURT 126A,06/FA,3165
MYER 337,06/FA,3166
MYER 301,06/FA,3171
MYER 340,06/FA,3176
HUNT 204,06/FA,3177
MYER 236,06/FA,3179
MUSS 303,06/FA,3180
PRSH 308,06/FA,3182
EVAN 206,06/FA,3183
WATS 719,06/FA,3185
MYER 302,06/FA,3188
MUSS 409,06/FA,3189
GHUE 112,06/FA,3190
WATS 311,06/FA,3191
FACL 200,06/FA,3197
EVAN 111,06/FA,3198
WATS 318,06/FA,3202
WATS 519,06/FA,3204
WATS 615,06/FA,3212
WATS 404,06/FA,3214
MUSS 306,06/FA,3217
EVAN 203,06/FA,3219
BURT 417,06/FA,3220
WATS 504,06/FA,3222
MYER 241,06/FA,3223
FACL 100,06/FA,3224
GHUE 207,06/FA,3225
MYER 238,06/FA,3229
WATS 604,06/FA,3231
GHUE 315,06/FA,3232
GHUE 407,06/FA,3233
MYER 203,06/FA,3234
WATS 715,06/FA,3237
WATS 308,06/FA,3247
MUSS 211,06/FA,3248
WATS 312,06/FA,3249
MYER 208,06/FA,3250
MYER 206,06/FA,3255
MUSS 401,06/FA,3258
MUSS 313,06/FA,3261
WATS 402,06/FA,3274
GHUE 104,06/FA,3276
GHUE 339,06/FA,3277
MUSS 208,06/FA,3284
WATS 419,06/FA,3285
FACL 205,06/FA,3292
WATS 518,06/FA,3297
MUSS 213,06/FA,3299
GHUE 314,06/FA,3307
MYER 201,06/FA,3308
WATS 608,06/FA,3313
MYER 243,06/FA,3314
WATS 411,06/FA,3315
EVAN 015,06/FA,3316
WATS 418,06/FA,3317
MUSS 325,06/FA,3318
WATS 505,06/FA,3319
WATS 502,06/FA,3325
WATS 412,06/FA,3328
GHUE 115,06/FA,3333
MUSS 225,06/FA,3342
WATS 609,06/FA,3360
MUSS 318,06/FA,3361
WATS 512,06/FA,3375
WATS 602,06/FA,3380
GHUE 445,06/FA,3384
WATS 616,06/FA,3402
GHUE 405,06/FA,3404
WATS 508,06/FA,3419
WATS 416,06/FA,3444
GHUE 316,06/FA,3446
WATS 619,06/FA,3464
WATS 204,06/FA,3485
EVAN 101,06/FA,3507
GHUE 113,06/FA,3533
MUSS 411,06/FA,3548
WATS 505,06/SP,2385
WATS 418,06/SP,2432
NASN 100A,07/FA,1001
DOWH 200A,07/FA,1002
HNTH 200D,07/FA,1003
SCOT 200C,07/FA,1004
HNTH 100B,07/FA,1007
CLWL 100B,07/FA,1009
PAGE 200C,07/FA,1011
COLR 200B,07/FA,1013
SCOT 300C,07/FA,1014
EUGS 200A,07/FA,1016
OWNS 300A,07/FA,1017
COLR 300A,07/FA,1018
DIXN 200A,07/FA,1019
OWNS 200B,07/FA,1022
EUGS 400A,07/FA,1023
EUGS 100A,07/FA,1024
OWNS 100C,07/FA,1026
SCOT 100A,07/FA,1027
BRKS 200B,07/FA,1028
PAGW 200C,07/FA,1029
COLR 100B,07/FA,1030
BRKS 100B,07/FA,1031
DAVI 404B,07/FA,1032
CLAD 100B,07/FA,1035
DOWH 100B,07/FA,1037
FACX 200B,07/FA,1039
SEVY 203C,07/FA,1040
DIXN 100A,07/FA,1042
SEVY 303A,07/FA,1044
CHAN 203,07/FA,1045
SEVY 307A,07/FA,1048
NOUR 417,07/FA,1052
DAVI 308,07/FA,1055
WILS 101,07/FA,1061
SEVY 309A,07/FA,1063
BURT 330A,07/FA,1064
BURT 215,07/FA,1068
SEVY 210A,07/FA,1070
STAD 203A,07/FA,1071
BURT 227,07/FA,1073
STAD 110B,07/FA,1074
BURT 408,07/FA,1075
ALLE 108,07/FA,1079
SEVY 207A,07/FA,1088
SEVY 212A,07/FA,1089
BURT 223,07/FA,1093
SEVY 304,07/FA,1096
HUNT 202,07/FA,1098
ALLE 107A,07/FA,1100
ALLE 101,07/FA,1105
DAVI 304A,07/FA,1107
WATS 204,07/FA,1113
SEVY 403B,07/FA,1116
DAVI 314C,07/FA,1117
WILS 203,07/FA,1123
BURT 323,07/FA,1125
RICE 201,07/FA,1132
RICE 111A,07/FA,1134
BURT 211,07/FA,1140
ALLE 102,07/FA,1150
SEVY 209B,07/FA,1155
WATS 116,07/FA,1162
WILS 201,07/FA,1165
DAVI 114,07/FA,1169
BURT 306,07/FA,1171
STAD 201A,07/FA,1172
RICE 300A,07/FA,1175
HILL 206,07/FA,1177
BURT 206,07/FA,1180
DAVI 204A,07/FA,1181
RICE 300B,07/FA,1182
BURT 329,07/FA,1184
WILS 202,07/FA,1190
BURT 310,07/FA,1193
WILS 102,07/FA,1195
NOUR 415,07/FA,1197
SEVY 312A,07/FA,1204
NOUR 307,07/FA,1207
BURT 328,07/FA,1208
BURT 313,07/FA,1215
NOUR 314,07/FA,1217
SEVY 214A,07/FA,1219
NOUR 214,07/FA,1227
BURT 317,07/FA,1230
NOUR 306A,07/FA,1231
BURT 123,07/FA,1237
BURT 331,07/FA,1240
HUNT 110,07/FA,1243
NOUR 103,07/FA,1246
DAVI 104A,07/FA,1254
ALLE 206,07/FA,1264
NOUR 015,07/FA,1277
FACL 104,07/FA,1280
BURT 205,07/FA,1289
FACL 204,07/FA,1292
RICE 300C,07/FA,1295
BURT 233,07/FA,1300
BURT 103,07/FA,1306
BURT 309,07/FA,1310
BURT 418,07/FA,1319
BURT 305,07/FA,1323
SEVY 208A,07/FA,1326
STAD 204A,07/FA,1329
BURT 124,07/FA,1334
DAVI 412,07/FA,1339
NOUR 207,07/FA,1344
BURT 402,07/FA,1348
NOUR 016,07/FA,1354
BURT 228,07/FA,1361
BURT 226B,07/FA,1368
BURT 113A,07/FA,1369
ALLE 204A,07/FA,1371
BURT 335,07/FA,1372
CHAN 104,07/FA,1379
NOUR 108,07/FA,1380
NOUR 110,07/FA,1383
BURT 109,07/FA,1387
NOUR 014,07/FA,1390
NOUR 017,07/FA,1395
BURT 417,07/FA,1397
WATS 715,07/FA,1399
CHAN 201,07/FA,1416
MYER 214,07/FA,1424
NOUR 107,07/FA,1431
WATS 411,07/FA,1436
MYER 333,07/FA,1441
NOUR 012,07/FA,1443
MUSS 428,07/FA,1451
MYER 314,07/FA,1454
BURT 414A,07/FA,1459
WATS 519,07/FA,1461
SEVY 409B,07/FA,1465
FACL 203,07/FA,1468
SEVY 306A,07/FA,1485
FACL 103,07/FA,1487
BURT 110A,07/FA,1492
MUSS 411,07/FA,1496
STAD 202B,07/FA,2001
EVAN 107,07/FA,2003
NOUR 418,07/FA,2004
NOUR 407A,07/FA,2005
MUSS 228,07/FA,2006
EVAN 013,07/FA,2009
HILL 208,07/FA,2010
HILL 301,07/FA,2011
HILL 201,07/FA,2012
GHUE 302,07/FA,2014
MYER 233,07/FA,2015
HILL 101,07/FA,2016
DAVI 216A,07/FA,2017
GHUE 308,07/FA,2018
BURT 106A,07/FA,2020
DAVI 116A,07/FA,2024
MUSS 227,07/FA,2027
MUSS 427,07/FA,2031
EVAN 411A,07/FA,2042
DAVI 215,07/FA,2044
DAVI 209,07/FA,2051
NOUR 309A,07/FA,2055
BURT 121A,07/FA,2058
HILL 102,07/FA,2059
FACL 101,07/FA,2067
BURT 208A,07/FA,2070
BURT 235A,07/FA,2072
MYER 402,07/FA,2075
MUSS 211,07/FA,2077
WATS 304,07/FA,2083
BURT 325A,07/FA,2094
BURT 217A,07/FA,2096
BURT 308A,07/FA,2100
WATS 609,07/FA,2102
MYER 433,07/FA,2104
BURT 225A,07/FA,2106
NOUR 106A,07/FA,2115
HUNT 204,07/FA,2116
BURT 209A,07/FA,2117
MYER 414,07/FA,2119
HILL 103,07/FA,2126
WATS 205,07/FA,2133
WATS 505,07/FA,2136
EVAN 113,07/FA,2141
EVAN 210A,07/FA,2147
BURT 130A,07/FA,2151
WATS 716,07/FA,2154
NOUR 201A,07/FA,2162
BURT 119,07/FA,2166
WATS 711,07/FA,2167
EVAN 005,07/FA,2170
NOUR 216,07/FA,2173
DAVI 115,07/FA,2175
MYER 445,07/FA,2183
WATS 709,07/FA,2187
GHUE 402,07/FA,2190
MYER 213,07/FA,2196
BURT 302A,07/FA,2197
NOUR 203A,07/FA,2198
EVAN 103,07/FA,2199
EVAN 202,07/FA,2202
FACL 201,07/FA,2205
FACL 012B,07/FA,2207
HILL 302,07/FA,2210
NOUR 208A,07/FA,2212
HUNT 102,07/FA,2213
BURT 322,07/FA,2215
WATS 708,07/FA,2222
NOUR 304A,07/FA,2223
GHUE 202,07/FA,2228
WATS 215,07/FA,2238
NOUR 303A,07/FA,2241
WATS 604,07/FA,2244
WATS 718,07/FA,2245
NOUR 301A,07/FA,2246
WATS 305,07/FA,2247
HUNT 205,07/FA,2256
MYER 404,07/FA,2257
WATS 309,07/FA,2262
PRSH 210A,07/FA,2266
WATS 409,07/FA,2268
FACL 202,07/FA,2271
WATS 311,07/FA,2276
WATS 402,07/FA,2294
WATS 404,07/FA,2295
WATS 315,07/FA,2301
GHUE 208,07/FA,2302
BURT 409,07/FA,2303
GHUE 217,07/FA,2308
BURT 401,07/FA,2314
WATS 509,07/FA,2322
WATS 209,07/FA,2323
BURT 419,07/FA,2328
MUSS 327,07/FA,2334
WATS 511,07/FA,2336
EVAN 211A,07/FA,2342
EVAN 114,07/FA,2344
PRSH 109,07/FA,2349
GHUE 408,07/FA,2359
GHUE 404,07/FA,2364
WATS 216,07/FA,2366
EVAN 301,07/FA,2367
FACL 205,07/FA,2368
WATS 608,07/FA,2371
CHAN 202,07/FA,2373
MYER 438,07/FA,2382
EVAN 110,07/FA,2383
HUNT 105,07/FA,2394
MYER 408,07/FA,2396
HUNT 203,07/FA,2405
WATS 512,07/FA,2408
WATS 202,07/FA,2423
WATS 319,07/FA,2424
GHUE 219,07/FA,2443
MYER 115A,07/FA,2447
WATS 218,07/FA,2475
EVAN 412A,07/FA,2479
EVAN 112,07/FA,2494
WATS 504,07/FA,2498
FACL 102,07/FA,2499
CHAN 205,07/FA,2502
EVAN 105,07/FA,2507
WATS 702,07/FA,2512
WATS 605,07/FA,2519
WATS 611,07/FA,2533
WATS 415,07/FA,2535
EVAN 410A,07/FA,2536
MUSS 415,07/FA,2539
EVAN 410A,07/FA,2546
PRSH 103,07/FA,2548
WATS 219,07/FA,3001
MYER 241,07/FA,3002
EVAN 104A,07/FA,3003
EVAN 409A,07/FA,3004
EVAN 407A,07/FA,3005
EVAN 212A,07/FA,3006
EVAN 312A,07/FA,3007
EVAN 311A,07/FA,3008
BURT 301A,07/FA,3009
WATS 704,07/FA,3012
EVAN 307A,07/FA,3013
EVAN 402,07/FA,3014
EVAN 304,07/FA,3015
EVAN 408A,07/FA,3016
WATS 405,07/FA,3017
RICE 203A,07/FA,3018
EVAN 204,07/FA,3019
DAVI 309,07/FA,3020
CHAN 101,07/FA,3022
EVAN 209A,07/FA,3023
EVAN 403,07/FA,3024
EVAN 309A,07/FA,3025
WATS 211,07/FA,3029
WATS 712,07/FA,3030
EVAN 207A,07/FA,3031
EVAN 406,07/FA,3032
EVAN 305,07/FA,3033
MYER 401,07/FA,3034
NOUR 013,07/FA,3040
HUNT 208,07/FA,3041
WATS 615,07/FA,3045
MYER 208,07/FA,3046
EVAN 205,07/FA,3048
MYER 436,07/FA,3050
MYER 406,07/FA,3051
WATS 515,07/FA,3053
WATS 419,07/FA,3054
GHUE 410,07/FA,3055
MYER 311,07/FA,3056
MYER 446,07/FA,3057
MYER 242,07/FA,3058
WATS 719,07/FA,3063
GHUE 309,07/FA,3069
MYER 301,07/FA,3071
WATS 308,07/FA,3072
MYER 346,07/FA,3075
EVAN 115,07/FA,3079
BURT 315,07/FA,3080
GHUE 305,07/FA,3081
GHUE 209,07/FA,3085
EVAN 015,07/FA,3088
MYER 238,07/FA,3089
EVAN 206,07/FA,3093
EVAN 306,07/FA,3094
EVAN 116A,07/FA,3095
GHUE 210,07/FA,3099
MYER 308,07/FA,3106
GHUE 409,07/FA,3108
MUSS 406,07/FA,3109
WATS 602,07/FA,3111
EVAN 203,07/FA,3116
MYER 336,07/FA,3119
GHUE 407,07/FA,3120
ALLE 207,07/FA,3121
MYER 306,07/FA,3125
MYER 337,07/FA,3126
GHUE 314,07/FA,3133
WATS 616,07/FA,3134
MUSS 313,07/FA,3135
GHUE 315,07/FA,3136
ALLE 208,07/FA,3138
MYER 343,07/FA,3141
PRSH 313,07/FA,3142
GHUE 435,07/FA,3148
WATS 516,07/FA,3150
WATS 618,07/FA,3151
MYER 340,07/FA,3152
WATS 518,07/FA,3155
MYER 302,07/FA,3156
MYER 341,07/FA,3159
GHUE 310,07/FA,3162
GHUE 419,07/FA,3165
GHUE 115,07/FA,3166
GHUE 118,07/FA,3169
MYER 206,07/FA,3174
CHAN 103,07/FA,3175
EVAN 111,07/FA,3177
GHUE 113,07/FA,3178
GHUE 106,07/FA,3181
GHUE 335,07/FA,3182
MYER 243,07/FA,3183
GHUE 112,07/FA,3190
MYER 201,07/FA,3192
MUSS 401,07/FA,3200
MUSS 404,07/FA,3218
EVAN 101,07/FA,3222
WATS 212,07/FA,3229
GHUE 207,07/FA,3236
GHUE 316,07/FA,3243
WATS 312,07/FA,3249
GHUE 328,07/FA,3254
GHUE 139,07/FA,3255
GHUE 214,07/FA,3256
MUSS 410,07/FA,3257
MUSS 213,07/FA,3272
MUSS 303,07/FA,3277
MUSS 408,07/FA,3283
MYER 203,07/FA,3284
EVAN 007,07/FA,3286
WATS 418,07/FA,3288
MUSS 306,07/FA,3290
GHUE 228,07/FA,3292
MUSS 413,07/FA,3293
WATS 412,07/FA,3298
MUSS 326,07/FA,3314
GHUE 104,07/FA,3319
MUSS 319,07/FA,3321
MUSS 409,07/FA,3324
GHUE 445,07/FA,3330
WATS 701,07/FA,3334
MUSS 318,07/FA,3340
GHUE 442,07/FA,3345
WATS 318,07/FA,3346
GHUE 441,07/FA,3348
GHUE 102,07/FA,3354
EVAN 009,07/FA,3362
EVAN 109,07/FA,3370
GHUE 415,07/FA,3373
GHUE 345,07/FA,3387
GHUE 239,07/FA,3388
WATS 502,07/FA,3403
MUSS 317,07/FA,3441
WATS 619,07/FA,3467
MUSS 206,07/FA,3478
WATS 612,07/FA,3487
WATS 508,07/FA,3490
WATS 401,07/FA,3500
WATS 302,07/FA,1857325
NFLD OPT,07/WI,2102
NFLD OPT,07/WI,2133
NFLD OPT,07/WI,2339
NFLD OPT,07/WI,2431
NASN 100B,08/FA,1001
HNTH 100B,08/FA,1002
HNTH 200B,08/FA,1003
SCOT 200B,08/FA,1004
CLWL 100A,08/FA,1005
OWNS 300A,08/FA,1006
OWNS 200C,08/FA,1007
COLR 200A,08/FA,1008
EUGS 400B,08/FA,1010
COLR 300B,08/FA,1012
EUGS 100A,08/FA,1013
SCOT 100B,08/FA,1014
OWNS 100A,08/FA,1015
BRKS 200B,08/FA,1017
NFLD OPT,08/FA,1018
DOWH 100A,08/FA,1019
DIXN 100B,08/FA,1020
DOWH 200D,08/FA,1022
SCOT 300C,08/FA,1024
EUGS 200B,08/FA,1025
SEVY 203A,08/FA,1026
COLR 100A,08/FA,1027
DIXN 200A,08/FA,1028
PAGE 200C,08/FA,1030
PAGW 200B,08/FA,1031
NFLD OPT,08/FA,1032
CLAD 100A,08/FA,1033
NFLD OPT,08/FA,1035
DAVI 204A,08/FA,1036
WILS 203,08/FA,1037
SEVY 303C,08/FA,1038
DAVI 314B,08/FA,1039
NFLD OPT,08/FA,1040
DAVI 304A,08/FA,1041
NFLD OPT,08/FA,1042
NFLD OPT,08/FA,1043
DAVI 104C,08/FA,1044
SEVY 307A,08/FA,1045
BURT 206,08/FA,1046
NOUR 307,08/FA,1049
SEVY 309B,08/FA,1050
ALLE 204A,08/FA,1051
NFLD OPT,08/FA,1054
DAVI 404A,08/FA,1055
NFLD OPT,08/FA,1056
NFLD OPT,08/FA,1058
SEVY 409B,08/FA,1060
DAVI 221,08/FA,1061
SEVY 306A,08/FA,1062
BURT 306,08/FA,1063
STAD 204A,08/FA,1064
NFLD OPT,08/FA,1066
NFLD OPT,08/FA,1067
WILS 101,08/FA,1068
NFLD OPT,08/FA,1070
NFLD OPT,08/FA,1071
BURT 225B,08/FA,1072
NFLD OPT,08/FA,1073
NFLD OPT,08/FA,1074
NFLD OPT,08/FA,1075
BURT 329,08/FA,1076
SEVY 213,08/FA,1078
NFLD OPT,08/FA,1081
BURT 317,08/FA,1082
NFLD OPT,08/FA,1083
SEVY 208A,08/FA,1084
NFLD OPT,08/FA,1085
NFLD OPT,08/FA,1086
BURT 313,08/FA,1087
SEVY 210B,08/FA,1089
BURT 110A,08/FA,1091
DAVI 214,08/FA,1092
DAVI 216A,08/FA,1093
NFLD OPT,08/FA,1094
NFLD OPT,08/FA,1095
NFLD OPT,08/FA,1096
BURT 328,08/FA,1098
STAD 110A,08/FA,1099
SEVY 304,08/FA,1101
NFLD OPT,08/FA,1102
NFLD OPT,08/FA,1104
NFLD OPT,08/FA,1105
HUNT 110,08/FA,1106
SEVY 403B,08/FA,1108
NFLD OPT,08/FA,1109
SEVY 312A,08/FA,1111
NFLD OPT,08/FA,1112
FACX 200C,08/FA,1114
BURT 226B,08/FA,1116
BURT 123,08/FA,1117
NFLD OPT,08/FA,1119
NOUR 415,08/FA,1120
NOUR 214,08/FA,1121
NFLD OPT,08/FA,1125
NFLD OPT,08/FA,1129
DAVI 309,08/FA,1132
NFLD OPT,08/FA,1134
FACL 203,08/FA,1135
BURT 224,08/FA,1136
BURT 208A,08/FA,1137
WILS 102,08/FA,1138
SEVY 214B,08/FA,1139
BURT 227,08/FA,1140
NFLD OPT,08/FA,1141
NFLD OPT,08/FA,1143
ALLE 206,08/FA,1147
NFLD OPT,08/FA,1148
DAVI 116A,08/FA,1149
NOUR 417,08/FA,1152
NFLD OPT,08/FA,1153
NFLD OPT,08/FA,1154
ALLE 108,08/FA,1160
WILS 201,08/FA,1161
NFLD OPT,08/FA,1163
NFLD OPT,08/FA,1167
NFLD OPT,08/FA,1171
NFLD OPT,08/FA,1174
NFLD OPT,08/FA,1178
NFLD OPT,08/FA,1179
STAD 202B,08/FA,1180
BURT 228,08/FA,1189
NFLD OPT,08/FA,1190
NFLD OPT,08/FA,1192
NFLD OPT,08/FA,1195
BURT 312A,08/FA,1196
NFLD OPT,08/FA,1197
NFLD OPT,08/FA,1200
NFLD OPT,08/FA,1203
NFLD OPT,08/FA,1204
NFLD OPT,08/FA,1205
NFLD OPT,08/FA,1207
BURT 209A,08/FA,1208
STAD 203A,08/FA,1209
NFLD OPT,08/FA,1210
NFLD OPT,08/FA,1212
NOUR 206A,08/FA,1214
NFLD OPT,08/FA,1215
NFLD OPT,08/FA,1216
NFLD OPT,08/FA,1219
HUNT 202,08/FA,1222
NFLD OPT,08/FA,1223
BURT 211,08/FA,1224
NFLD OPT,08/FA,1225
NFLD OPT,08/FA,1226
BURT 323,08/FA,1227
NFLD OPT,08/FA,1229
NFLD OPT,08/FA,1230
NFLD OPT,08/FA,1231
NFLD OPT,08/FA,1234
NOUR 014,08/FA,1235
NFLD OPT,08/FA,1236
BURT 215,08/FA,1237
NFLD OPT,08/FA,1239
NFLD OPT,08/FA,1240
HILL 102,08/FA,1249
NFLD OPT,08/FA,1250
NFLD OPT,08/FA,1251
NFLD OPT,08/FA,1252
NFLD OPT,08/FA,1257
NFLD OPT,08/FA,1258
NOUR 304A,08/FA,1259
NOUR 108,08/FA,1260
BURT 335,08/FA,1261
BURT 309,08/FA,1262
NFLD OPT,08/FA,1263
NFLD OPT,08/FA,1264
NFLD OPT,08/FA,1266
NFLD OPT,08/FA,1267
NOUR 207,08/FA,1268
ALLE 102,08/FA,1270
NOUR 012,08/FA,1271
NFLD OPT,08/FA,1272
BURT 302A,08/FA,1275
NFLD OPT,08/FA,1279
NFLD OPT,08/FA,1282
NFLD OPT,08/FA,1283
NFLD OPT,08/FA,1286
WATS 308,08/FA,1293
NFLD OPT,08/FA,1296
NFLD OPT,08/FA,1297
BURT 126A,08/FA,1298
NFLD OPT,08/FA,1300
BURT 325A,08/FA,1301
NFLD OPT,08/FA,1302
BURT 205,08/FA,1303
NFLD OPT,08/FA,1304
ALLE 101,08/FA,1307
NOUR 103,08/FA,1309
NFLD OPT,08/FA,1311
NFLD OPT,08/FA,1313
NFLD OPT,08/FA,1315
NFLD OPT,08/FA,1316
NFLD OPT,08/FA,1317
NFLD OPT,08/FA,1318
NFLD OPT,08/FA,1319
NFLD OPT,08/FA,1320
NFLD OPT,08/FA,1323
HILL 301,08/FA,1326
NFLD OPT,08/FA,1329
BURT 408,08/FA,1332
NFLD OPT,08/FA,1333
NFLD OPT,08/FA,1334
BURT 233,08/FA,1336
NFLD OPT,08/FA,1339
NFLD OPT,08/FA,1340
NFLD OPT,08/FA,1343
NFLD OPT,08/FA,1344
WILS 202,08/FA,1345
NFLD OPT,08/FA,1347
BURT 305,08/FA,1348
NOUR 107,08/FA,1349
NFLD OPT,08/FA,1350
NFLD OPT,08/FA,1351
NFLD OPT,08/FA,1352
BURT 331,08/FA,1353
NFLD OPT,08/FA,1354
NFLD OPT,08/FA,1359
NFLD OPT,08/FA,1360
BURT 109,08/FA,1361
NFLD OPT,08/FA,1365
BURT 407,08/FA,1368
NFLD OPT,08/FA,1371
BURT 402,08/FA,1373
NFLD OPT,08/FA,1374
NFLD OPT,08/FA,1378
NFLD OPT,08/FA,1379
NFLD OPT,08/FA,1381
NFLD OPT,08/FA,1382
NOUR 110,08/FA,1383
NFLD OPT,08/FA,1385
NFLD OPT,08/FA,1387
NFLD OPT,08/FA,1390
WATS 408,08/FA,1391
WATS 208,08/FA,1392
NFLD OPT,08/FA,1399
NFLD OPT,08/FA,1402
NFLD OPT,08/FA,1404
NFLD OPT,08/FA,1405
NFLD OPT,08/FA,1408
NFLD OPT,08/FA,1411
NFLD OPT,08/FA,1413
BURT 103,08/FA,1414
NFLD OPT,08/FA,1415
NFLD OPT,08/FA,1419
NFLD OPT,08/FA,1420
NFLD OPT,08/FA,1421
MUSS 211,08/FA,1422
NFLD OPT,08/FA,1423
NOUR 015,08/FA,1425
NFLD OPT,08/FA,1426
NFLD OPT,08/FA,1428
MUSS 228,08/FA,1429
NFLD OPT,08/FA,1432
NFLD OPT,08/FA,1433
NFLD OPT,08/FA,1435
NFLD OPT,08/FA,1436
NFLD OPT,08/FA,1438
NFLD OPT,08/FA,1439
NFLD OPT,08/FA,1441
NFLD OPT,08/FA,1445
WATS 709,08/FA,1446
EVAN 312A,08/FA,1448
NFLD OPT,08/FA,1449
NFLD OPT,08/FA,1450
WATS 216,08/FA,1451
NFLD OPT,08/FA,1452
NFLD OPT,08/FA,1453
NOUR 016,08/FA,1454
NOUR 017,08/FA,1455
BURT 330A,08/FA,1459
NFLD OPT,08/FA,1461
NFLD OPT,08/FA,1464
BURT 113A,08/FA,1467
NFLD OPT,08/FA,1469
NOUR 013,08/FA,1470
NOUR 314,08/FA,1471
NFLD OPT,08/FA,1472
NFLD OPT,08/FA,1473
NFLD OPT,08/FA,1475
NFLD OPT,08/FA,1476
MUSS 311,08/FA,1477
NFLD OPT,08/FA,1478
NFLD OPT,08/FA,1479
NFLD OPT,08/FA,1480
NOUR 105,08/FA,1481
NFLD OPT,08/FA,1482
NFLD OPT,08/FA,1484
NFLD OPT,08/FA,1485
NFLD OPT,08/FA,1486
BURT 418,08/FA,1487
NFLD OPT,08/FA,1489
NFLD OPT,08/FA,1491
NFLD OPT,08/FA,1492
NFLD OPT,08/FA,1493
NFLD OPT,08/FA,1494
WATS 316,08/FA,1496
NFLD OPT,08/FA,1497
NFLD OPT,08/FA,1498
WATS 702,08/FA,1499
NFLD OPT,08/FA,1500
DAVI 409,08/FA,1501
WATS 312,08/FA,1504
NFLD OPT,08/FA,1506
FACL 204,08/FA,1508
NFLD OPT,08/FA,1509
NFLD OPT,08/FA,1510
NFLD OPT,08/FA,1512
MUSS 227,08/FA,1513
NFLD OPT,08/FA,1518
NFLD OPT,08/FA,1519
NFLD OPT,08/FA,1520
FACL 102,08/FA,1521
NFLD OPT,08/FA,1522
EVAN 103,08/FA,1524
NFLD OPT,08/FA,1525
NFLD OPT,08/FA,1530
NFLD OPT,08/FA,1532
PRSH 109,08/FA,2002
MYER 333,08/FA,2004
DAVI 412,08/FA,2005
HILL 302,08/FA,2007
NFLD OPT,08/FA,2011
MYER 115A,08/FA,2012
BURT 217A,08/FA,2013
HILL 101,08/FA,2014
STAD 201A,08/FA,2016
BURT 308A,08/FA,2017
NFLD OPT,08/FA,2019
NFLD OPT,08/FA,2020
FACL 104,08/FA,2024
BURT 301A,08/FA,2025
BURT 119,08/FA,2029
EVAN 411A,08/FA,2030
HILL 201,08/FA,2032
RICE 300B,08/FA,2033
WATS 116,08/FA,2035
MYER 438,08/FA,2037
BURT 235A,08/FA,2038
MYER 233,08/FA,2039
DAVI 115,08/FA,2041
BURT 121B,08/FA,2045
NFLD OPT,08/FA,2050
HILL 103,08/FA,2053
NFLD OPT,08/FA,2058
BURT 130A,08/FA,2059
RICE 105A,08/FA,2060
BURT 106A,08/FA,2061
SEVY 209B,08/FA,2063
NFLD OPT,08/FA,2066
NFLD OPT,08/FA,2067
NOUR 201A,08/FA,2070
MUSS 328,08/FA,2071
BURT 414A,08/FA,2072
BURT 322,08/FA,2076
BURT 419,08/FA,2078
RICE 204A,08/FA,2079
DAVI 215,08/FA,2080
NOUR 101A,08/FA,2084
NFLD OPT,08/FA,2086
NFLD OPT,08/FA,2087
NOUR 309A,08/FA,2088
HUNT 102,08/FA,2090
WATS 211,08/FA,2091
NFLD OPT,08/FA,2092
MUSS 427,08/FA,2093
DAVI 222,08/FA,2094
WATS 712,08/FA,2095
EVAN 209A,08/FA,2098
MYER 404,08/FA,2102
NFLD OPT,08/FA,2106
BURT 401,08/FA,2118
WATS 205,08/FA,2121
NOUR 203A,08/FA,2122
BURT 406,08/FA,2123
EVAN 111,08/FA,2124
EVAN 410A,08/FA,2128
EVAN 115,08/FA,2130
EVAN 105,08/FA,2131
NOUR 301A,08/FA,2133
EVAN 107,08/FA,2135
NFLD OPT,08/FA,2137
WATS 515,08/FA,2140
EVAN 412A,08/FA,2141
MYER 445,08/FA,2143
WATS 309,08/FA,2148
MUSS 327,08/FA,2149
NFLD OPT,08/FA,2151
NFLD OPT,08/FA,2153
NOUR 208A,08/FA,2156
NFLD OPT,08/FA,2163
BURT 417,08/FA,2166
EVAN 409A,08/FA,2169
NFLD OPT,08/FA,2171
HUNT 205,08/FA,2174
RICE 300C,08/FA,2176
WATH 102,08/FA,2178
MUSS 306,08/FA,2185
WATS 315,08/FA,2189
MYER 334,08/FA,2192
WATS 209,08/FA,2194
WATS 412,08/FA,2197
NFLD OPT,08/FA,2198
GHUE 308,08/FA,2199
MYER 408,08/FA,2200
EVAN 307A,08/FA,2201
GHUE 417,08/FA,2210
NFLD OPT,08/FA,2211
NFLD OPT,08/FA,2213
ALLE 107A,08/FA,2214
HUNT 203,08/FA,2217
ALLE 208,08/FA,2218
MYER 234,08/FA,2223
RICE 111A,08/FA,2224
NFLD OPT,08/FA,2228
WATS 505,08/FA,2235
WATH 101,08/FA,2238
NFLD OPT,08/FA,2243
WATS 418,08/FA,2244
NFLD OPT,08/FA,2245
NOUR 303A,08/FA,2248
HILL 206,08/FA,2249
WATS 711,08/FA,2252
WATS 212,08/FA,2255
MUSS 315,08/FA,2257
MYER 436,08/FA,2258
NOUR 407A,08/FA,2264
NFLD OPT,08/FA,2268
RICE 300A,08/FA,2269
EVAN 009,08/FA,2270
NFLD OPT,08/FA,2277
MYER 314,08/FA,2279
NFLD OPT,08/FA,2282
MYER 213,08/FA,2289
MYER 214,08/FA,2290
NFLD OPT,08/FA,2293
NOUR 418,08/FA,2295
WATS 304,08/FA,2302
MYER 401,08/FA,2305
WATS 202,08/FA,2306
NFLD OPT,08/FA,2310
WATS 201,08/FA,2314
WATH 203,08/FA,2316
GHUE 122,08/FA,2318
EVAN 210A,08/FA,2319
NFLD OPT,08/FA,2322
NFLD OPT,08/FA,2332
WATS 318,08/FA,2335
NFLD OPT,08/FA,2339
EVAN 011,08/FA,2340
EVAN 005,08/FA,2345
NOUR 216,08/FA,2347
WATS 516,08/FA,2357
WATS 409,08/FA,2359
WATS 716,08/FA,2360
GHUE 408,08/FA,2363
PRSH 203A,08/FA,2367
NFLD OPT,08/FA,2372
WATS 512,08/FA,2376
NFLD OPT,08/FA,2379
NFLD OPT,08/FA,2380
GHUE 202,08/FA,2383
WATH 202,08/FA,2392
WATS 502,08/FA,2393
NFLD OPT,08/FA,2394
HUNT 204,08/FA,2399
NFLD OPT,08/FA,2402
WATS 305,08/FA,2404
EVAN 007,08/FA,2420
NFLD OPT,08/FA,2422
NFLD OPT,08/FA,2425
WATS 609,08/FA,2426
WATS 411,08/FA,2433
NFLD OPT,08/FA,2434
NFLD OPT,08/FA,2438
WATS 608,08/FA,2454
WATS 708,08/FA,2464
NFLD OPT,08/FA,2470
WATS 416,08/FA,2480
WATS 612,08/FA,2497
NFLD OPT,08/FA,2503
NFLD OPT,08/FA,2504
NFLD OPT,08/FA,2506
WATS 718,08/FA,2508
NFLD OPT,08/FA,2509
NFLD OPT,08/FA,2513
WATS 705,08/FA,2519
WATS 508,08/FA,2521
EVAN 211A,08/FA,3001
EVAN 311A,08/FA,3002
WATS 311,08/FA,3003
WATS 511,08/FA,3004
MYER 411,08/FA,3005
WATS 615,08/FA,3006
EVAN 212A,08/FA,3008
MYER 346,08/FA,3010
EVAN 401,08/FA,3011
WATS 704,08/FA,3012
FACL 012A,08/FA,3013
MYER 402,08/FA,3017
EVAN 301,08/FA,3019
EVAN 309A,08/FA,3020
MUSS 210,08/FA,3021
EVAN 408A,08/FA,3023
EVAN 201,08/FA,3024
EVAN 407A,08/FA,3025
EVAN 204,08/FA,3026
MYER 446,08/FA,3032
EVAN 207A,08/FA,3036
EVAN 403,08/FA,3039
EVAN 306,08/FA,3040
MYER 343,08/FA,3041
EVAN 116A,08/FA,3042
WATS 504,08/FA,3043
EVAN 206,08/FA,3046
WATS 719,08/FA,3047
EVAN 114,08/FA,3048
EVAN 205,08/FA,3052
WATH 201,08/FA,3053
MYER 311,08/FA,3054
MYER 206,08/FA,3055
MYER 238,08/FA,3056
WATS 319,08/FA,3058
EVAN 304,08/FA,3059
PRSH 313,08/FA,3060
GHUE 219,08/FA,3061
EVAN 104A,08/FA,3063
WATS 215,08/FA,3064
WATS 611,08/FA,3066
MYER 243,08/FA,3068
WATS 302,08/FA,3069
MYER 406,08/FA,3077
WATS 218,08/FA,3078
WATS 415,08/FA,3080
MYER 242,08/FA,3081
MYER 301,08/FA,3086
PRSH 308,08/FA,3088
EVAN 305,08/FA,3090
WATS 715,08/FA,3092
GHUE 210,08/FA,3094
EVAN 203,08/FA,3095
WATH 103,08/FA,3096
EVAN 013,08/FA,3100
GHUE 310,08/FA,3103
FACL 105,08/FA,3104
HILL 208,08/FA,3105
WATS 618,08/FA,3106
EVAN 406,08/FA,3107
GHUE 315,08/FA,3108
GHUE 410,08/FA,3110
MYER 302,08/FA,3111
MUSS 313,08/FA,3113
MYER 337,08/FA,3116
MYER 341,08/FA,3119
MYER 201,08/FA,3120
WATS 605,08/FA,3124
EVAN 113,08/FA,3126
GHUE 409,08/FA,3128
GHUE 407,08/FA,3130
GHUE 428,08/FA,3131
GHUE 435,08/FA,3134
WATS 402,08/FA,3135
MUSS 222,08/FA,3136
GHUE 319,08/FA,3140
GHUE 309,08/FA,3141
GHUE 209,08/FA,3142
HUNT 105,08/FA,3144
GHUE 139,08/FA,3145
WATS 219,08/FA,3148
WATS 604,08/FA,3149
WATS 619,08/FA,3151
GHUE 207,08/FA,3157
GHUE 115,08/FA,3161
MYER 306,08/FA,3162
EVAN 109,08/FA,3166
WATS 509,08/FA,3174
MYER 241,08/FA,3176
MUSS 326,08/FA,3177
GHUE 106,08/FA,3178
RICE 203A,08/FA,3180
MUSS 406,08/FA,3185
WATS 602,08/FA,3195
EVAN 101,08/FA,3196
WATS 405,08/FA,3199
GHUE 223,08/FA,3202
GHUE 112,08/FA,3207
WATS 518,08/FA,3209
MUSS 401,08/FA,3214
EVAN 110,08/FA,3230
ALLE 207,08/FA,3231
WATS 404,08/FA,3232
WATS 616,08/FA,3237
FACL 103,08/FA,3238
MUSS 303,08/FA,3239
GHUE 316,08/FA,3246
MUSS 410,08/FA,3248
GHUE 402,08/FA,3250
GHUE 314,08/FA,3252
WATS 419,08/FA,3254
MYER 208,08/FA,3255
MUSS 318,08/FA,3256
GHUE 335,08/FA,3260
GHUE 419,08/FA,3261
FACL 201,08/FA,3262
FACL 101,08/FA,3268
MYER 203,08/FA,3276
MUSS 426,08/FA,3277
FACL 200,08/FA,3281
EVAN 112,08/FA,3285
MUSS 319,08/FA,3288
GHUE 102,08/FA,3290
WATS 519,08/FA,3292
GHUE 442,08/FA,3293
GHUE 104,08/FA,3295
GHUE 216,08/FA,3300
GHUE 345,08/FA,3301
GHUE 214,08/FA,3303
FACL 100,08/FA,3313
GHUE 243,08/FA,3317
GHUE 445,08/FA,3321
GHUE 328,08/FA,3325
MUSS 413,08/FA,3340
GHUE 339,08/FA,3341
MUSS 404,08/FA,3342
MUSS 208,08/FA,3353
GHUE 137,08/FA,3391
GHUE 128,08/FA,3394
GHUE 113,08/FA,3451
MUSS 325,08/FA,3468
GHUE 118,08/FA,3513
NASN 100B,09/FA,1001
HNTH 200B,09/FA,1002
HNTH 100B,09/FA,1003
SCOT 200B,09/FA,1004
CLWL 100B,09/FA,1005
SCOT 300A,09/FA,1006
COLR 200B,09/FA,1007
EUGS 200A,09/FA,1009
OWNS 200A,09/FA,1010
OWNS 300B,09/FA,1011
DOWH 200D,09/FA,1013
EUGS 100C,09/FA,1015
EUGS 400C,09/FA,1016
COLR 300A,09/FA,1017
PAGE 200C,09/FA,1018
DOWH 100A,09/FA,1019
SCOT 100B,09/FA,1021
DIXN 200B,09/FA,1022
DIXN 100A,09/FA,1023
PAGW 200B,09/FA,1024
OWNS 100A,09/FA,1025
BRKS 200B,09/FA,1028
BRKS 100B,09/FA,1031
WILS 203,09/FA,1034
DAVI 204A,09/FA,1035
NFLD OPT,09/FA,1037
MMRL 402A,09/FA,1039
DAVI 314A,09/FA,1041
MMRL 301B,09/FA,1042
MMRL 404B,09/FA,1044
CASS 316,09/FA,1045
MMRL 405A,09/FA,1047
SEVY 212A,09/FA,1049
MMRL 302A,09/FA,1050
CLAD 100A,09/FA,1052
MMRL 005C,09/FA,1056
CASS 308,09/FA,1057
WILS 201,09/FA,1062
MMRL 004B,09/FA,1063
SEVY 307B,09/FA,1070
DAVI 304A,09/FA,1073
MMRL 103C,09/FA,1075
COLR 100B,09/FA,1076
NFLD OPT,09/FA,1077
NFLD OPT,09/FA,1078
NFLD OPT,09/FA,1079
NFLD OPT,09/FA,1081
NFLD OPT,09/FA,1082
NFLD OPT,09/FA,1083
MMRL 201A,09/FA,1084
NFLD OPT,09/FA,1085
SEVY 203B,09/FA,1088
NOUR 415,09/FA,1091
MMRL 401A,09/FA,1094
DAVI 114,09/FA,1096
CASS 127,09/FA,1097
MMRL 101A,09/FA,1102
MMRL 204B,09/FA,1103
CASS 318,09/FA,1104
MMRL 102A,09/FA,1107
SEVY 303C,09/FA,1108
CASS 106,09/FA,1110
MMRL 403B,09/FA,1112
CASS 317,09/FA,1113
DAVI 104B,09/FA,1116
CASS 401,09/FA,1119
FACX 200C,09/FA,1120
SEVY 409B,09/FA,1122
CASS 217,09/FA,1125
DAVI 404A,09/FA,1126
SEVY 208B,09/FA,1127
BURT 209A,09/FA,1131
SEVY 304,09/FA,1132
NFLD OPT,09/FA,1137
SEVY 306A,09/FA,1141
NFLD OPT,09/FA,1143
SEVY 210A,09/FA,1144
CASS 208,09/FA,1148
BURT 323,09/FA,1149
BURT 325B,09/FA,1151
FACL 012A,09/FA,1154
SEVY 309B,09/FA,1159
CASS 213,09/FA,1160
NFLD OPT,09/FA,1164
ALLE 108,09/FA,1166
CASS 227,09/FA,1171
SEVY 403B,09/FA,1173
NFLD OPT,09/FA,1178
SEVY 213,09/FA,1182
CASS 408,09/FA,1183
SEVY 214A,09/FA,1184
CASS 218,09/FA,1185
DAVI 309,09/FA,1186
BURT 228,09/FA,1187
BURT 329,09/FA,1191
BURT 211,09/FA,1192
DAVI 116A,09/FA,1194
CASS 108,09/FA,1202
SEVY 209A,09/FA,1203
CASS 402,09/FA,1208
NOUR 207,09/FA,1209
CASS 301,09/FA,1213
SEVY 312B,09/FA,1217
NOUR 108,09/FA,1220
BURT 328,09/FA,1221
WATS 715,09/FA,1222
CASS 417,09/FA,1224
CASS 201,09/FA,1233
CASS 321,09/FA,1238
BURT 208A,09/FA,1240
BURT 206,09/FA,1248
BURT 402,09/FA,1250
BURT 227,09/FA,1253
NFLD OPT,09/FA,1256
ALLE 204A,09/FA,1259
BURT 324,09/FA,1269
CASS 427,09/FA,1274
BURT 310,09/FA,1275
BURT 306,09/FA,1279
NFLD OPT,09/FA,1289
BURT 215,09/FA,1294
BURT 309,09/FA,1298
ALLE 107A,09/FA,1305
BURT 313,09/FA,1306
NOUR 107,09/FA,1308
WILS 101,09/FA,1310
BURT 317,09/FA,1311
NFLD OPT,09/FA,1317
NOUR 314,09/FA,1318
NOUR 103,09/FA,1323
CASS 112,09/FA,1329
WATS 701,09/FA,1330
WILS 202,09/FA,1332
EVAN 201,09/FA,1338
BURT 335,09/FA,1345
BURT 109,09/FA,1346
BURT 308A,09/FA,1352
RICE 300B,09/FA,1353
BURT 331,09/FA,1358
WILS 102,09/FA,1359
ALLE 101,09/FA,1371
DAVI 216A,09/FA,1376
ALLE 102,09/FA,1379
BURT 123,09/FA,1380
NOUR 307,09/FA,1389
NOUR 214,09/FA,1390
NOUR 110,09/FA,1393
ALLE 206,09/FA,1401
NFLD OPT,09/FA,1403
BURT 226A,09/FA,1404
MYER 433,09/FA,1406
MYER 115A,09/FA,1409
MUSS 211,09/FA,1410
CASS 426,09/FA,1411
HILL 301,09/FA,1415
MYER 333,09/FA,1418
BURT 233,09/FA,1426
FACL 102,09/FA,1427
EVAN 206,09/FA,1428
MUSS 328,09/FA,1448
MUSS 411,09/FA,1452
HUNT 202,09/FA,1459
NOUR 012,09/FA,1460
BURT 205,09/FA,1462
NFLD OPT,09/FA,1466
WATS 505,09/FA,1468
EVAN 111,09/FA,1469
WATS 116,09/FA,1473
NOUR 015,09/FA,1474
HUNT 110,09/FA,1475
BURT 305,09/FA,1484
RICE 300C,09/FA,1487
MUSS 327,09/FA,1497
NFLD OPT,09/FA,1505
WILM 206,09/FA,1520
BURT 225A,09/FA,2001
HILL 101,09/FA,2003
HILL 302,09/FA,2004
BURT 222,09/FA,2005
NOUR 306A,09/FA,2008
BURT 113A,09/FA,2009
WATS 308,09/FA,2010
MYER 434,09/FA,2011
BURT 121A,09/FA,2015
BURT 130A,09/FA,2016
NOUR 203A,09/FA,2017
RICE 204A,09/FA,2020
BURT 217A,09/FA,2026
NOUR 106A,09/FA,2027
BURT 414B,09/FA,2030
BURT 110A,09/FA,2034
BURT 235A,09/FA,2035
EVAN 211A,09/FA,2038
BURT 302A,09/FA,2039
BURT 124,09/FA,2040
BURT 330A,09/FA,2041
WATS 515,09/FA,2042
WATS 616,09/FA,2043
NOUR 216,09/FA,2045
BURT 301A,09/FA,2057
BURT 106A,09/FA,2063
EVAN 212A,09/FA,2066
CASS 421,09/FA,2067
NOUR 208A,09/FA,2069
WATS 711,09/FA,2079
NOUR 309A,09/FA,2081
MUSS 228,09/FA,2082
EVAN 101,09/FA,2085
EVAN 103,09/FA,2091
HILL 103,09/FA,2093
NOUR 304A,09/FA,2097
HILL 206,09/FA,2100
WATS 209,09/FA,2101
NOUR 301A,09/FA,2105
FACL 104,09/FA,2108
HILL 102,09/FA,2112
BURT 103,09/FA,2115
WATS 709,09/FA,2124
WATS 602,09/FA,2125
WATS 612,09/FA,2127
CASS 309,09/FA,2128
CASS 322,09/FA,2129
WATS 208,09/FA,2131
CASS 312,09/FA,2135
NOUR 014,09/FA,2138
BURT 409,09/FA,2142
WATS 611,09/FA,2148
CASS 305,09/FA,2149
BURT 119,09/FA,2159
WATS 204,09/FA,2171
WATS 216,09/FA,2173
WATS 605,09/FA,2179
WATS 615,09/FA,2181
EVAN 411A,09/FA,2190
EVAN 412A,09/FA,2194
CASS 302,09/FA,2202
HUNT 102,09/FA,2205
NOUR 303A,09/FA,2209
WATS 411,09/FA,2210
WATS 309,09/FA,2215
WATS 416,09/FA,2216
MYER 214,09/FA,2218
BURT 418,09/FA,2222
CASS 203,09/FA,2227
CASS 407,09/FA,2228
CASS 113,09/FA,2234
CASS 404,09/FA,2237
GHUE 319,09/FA,2245
CASS 109,09/FA,2253
WATS 205,09/FA,2256
CASS 313,09/FA,2259
CASS 414,09/FA,2265
CASS 128,09/FA,2266
NOUR 407A,09/FA,2268
WATS 418,09/FA,2272
WATS 618,09/FA,2276
WATS 704,09/FA,2277
EVAN 409A,09/FA,2278
GHUE 208,09/FA,2291
CASS 328,09/FA,2293
EVAN 311A,09/FA,2311
DAVI 414,09/FA,2312
RICE 111A,09/FA,2326
WATS 211,09/FA,2328
NOUR 417,09/FA,2329
MYER 314,09/FA,2336
MUSS 227,09/FA,2337
WATS 408,09/FA,2342
NOUR 016,09/FA,2344
WATS 405,09/FA,2349
MUSS 315,09/FA,2350
GHUE 302,09/FA,2359
CASS 405,09/FA,2363
GHUE 408,09/FA,2368
WATS 511,09/FA,2369
WATS 412,09/FA,2372
WATS 401,09/FA,2378
DAVI 215,09/FA,2380
WATS 508,09/FA,2387
CASS 211,09/FA,2388
EVAN 407A,09/FA,2390
WATS 409,09/FA,2392
WATS 312,09/FA,2403
HUNT 203,09/FA,2404
MYER 242,09/FA,2420
MUSS 427,09/FA,2423
MYER 206,09/FA,2428
FACL 204,09/FA,2435
EVAN 109,09/FA,2436
WATS 716,09/FA,2441
MYER 408,09/FA,2447
WATS 212,09/FA,2458
FACL 103,09/FA,2460
WATS 608,09/FA,2476
WATS 215,09/FA,2481
WATS 609,09/FA,2483
WATS 712,09/FA,2492
WATS 504,09/FA,2496
HUNT 208,09/FA,2500
MUSS 428,09/FA,2514
EVAN 209A,09/FA,3001
EVAN 207A,09/FA,3004
EVAN 312A,09/FA,3005
MYER 404,09/FA,3006
WATS 604,09/FA,3007
CASS 220,09/FA,3008
EVAN 302,09/FA,3010
EVAN 309A,09/FA,3011
EVAN 104A,09/FA,3012
EVAN 307A,09/FA,3013
WATS 305,09/FA,3014
HILL 201,09/FA,3015
CASS 221,09/FA,3016
BURT 419,09/FA,3017
CASS 226,09/FA,3019
MUSS 426,09/FA,3021
EVAN 401,09/FA,3022
HUNT 205,09/FA,3024
EVAN 204,09/FA,3025
WATS 415,09/FA,3027
EVAN 408A,09/FA,3028
CASS 420,09/FA,3029
CASS 207,09/FA,3031
MYER 445,09/FA,3033
EVAN 304,09/FA,3035
NOUR 017,09/FA,3036
MYER 401,09/FA,3041
CASS 411,09/FA,3042
EVAN 115,09/FA,3044
WATS 304,09/FA,3047
EVAN 105,09/FA,3050
EVAN 107,09/FA,3056
EVAN 005,09/FA,3057
FACL 203,09/FA,3058
HILL 208,09/FA,3059
NOUR 418,09/FA,3061
MYER 311,09/FA,3063
CASS 212,09/FA,3065
MUSS 210,09/FA,3067
RICE 203A,09/FA,3068
EVAN 410A,09/FA,3069
EVAN 116A,09/FA,3074
FACL 201,09/FA,3086
MYER 438,09/FA,3088
CASS 320,09/FA,3091
CASS 204,09/FA,3092
EVAN 403,09/FA,3093
MYER 211,09/FA,3094
MYER 343,09/FA,3095
EVAN 013,09/FA,3101
NOUR 013,09/FA,3103
FACL 200,09/FA,3105
WATS 502,09/FA,3106
FACL 202,09/FA,3110
WATS 218,09/FA,3111
CASS 403,09/FA,3112
MYER 302,09/FA,3113
EVAN 305,09/FA,3114
EVAN 210A,09/FA,3115
WATS 316,09/FA,3117
WATS 512,09/FA,3120
WATS 202,09/FA,3121
EVAN 205,09/FA,3123
EVAN 406,09/FA,3124
GHUE 410,09/FA,3125
GHUE 310,09/FA,3127
GHUE 309,09/FA,3130
RICE 202,09/FA,3131
WATS 708,09/FA,3132
EVAN 306,09/FA,3133
GHUE 409,09/FA,3140
MYER 446,09/FA,3141
EVAN 203,09/FA,3142
GHUE 207,09/FA,3144
MUSS 401,09/FA,3145
MYER 336,09/FA,3147
MYER 236,09/FA,3151
EVAN 009,09/FA,3155
HUNT 204,09/FA,3160
GHUE 202,09/FA,3162
WATS 315,09/FA,3166
MYER 411,09/FA,3168
WATS 702,09/FA,3176
HUNT 105,09/FA,3177
WATS 219,09/FA,3179
GHUE 314,09/FA,3183
BURT 401,09/FA,3184
MYER 241,09/FA,3187
EVAN 007,09/FA,3190
WATS 318,09/FA,3193
WATS 719,09/FA,3198
GHUE 339,09/FA,3199
MYER 301,09/FA,3200
MYER 243,09/FA,3201
GHUE 304,09/FA,3202
WATS 519,09/FA,3203
FACL 105,09/FA,3207
MYER 208,09/FA,3208
WATS 509,09/FA,3209
WATS 419,09/FA,3214
GHUE 405,09/FA,3218
GHUE 402,09/FA,3220
GHUE 315,09/FA,3221
WATS 516,09/FA,3222
GHUE 345,09/FA,3223
GHUE 442,09/FA,3224
MYER 203,09/FA,3226
WATS 619,09/FA,3230
GHUE 243,09/FA,3231
EVAN 015,09/FA,3236
MYER 406,09/FA,3237
EVAN 011,09/FA,3239
MYER 308,09/FA,3244
WATS 518,09/FA,3245
GHUE 219,09/FA,3261
GHUE 214,09/FA,3262
WATS 404,09/FA,3271
WATS 402,09/FA,3274
GHUE 328,09/FA,3278
MUSS 208,09/FA,3281
BURT 417,09/FA,3284
GHUE 428,09/FA,3315
ALLE 208,09/FA,3317
MYER 341,09/FA,3327
EVAN 110,09/FA,3330
GHUE 104,09/FA,3345
WATS 705,09/FA,3349
GHUE 216,09/FA,3350
EVAN 112,09/FA,3359
GHUE 209,09/FA,3365
MYER 337,09/FA,3376
MUSS 326,09/FA,3399
MUSS 318,09/FA,3400
EVAN 113,09/FA,3403
MUSS 313,09/FA,3404
GHUE 419,09/FA,3405
MUSS 319,09/FA,3411
MYER 201,09/FA,3414
MUSS 325,09/FA,3433
FACL 101,09/FA,3434
MUSS 213,09/FA,3436
MUSS 306,09/FA,3440
WATS 302,09/FA,3443
GHUE 228,09/FA,3454
WATS 319,09/FA,3467
NFLD OPT,09/WI,2077
NFLD OPT,09/WI,2276
NFLD OPT,09/WI,2333
NASN 100B,10/FA,1001
HNTH 100D,10/FA,1002
CLWL 100A,10/FA,1003
HNTH 200B,10/FA,1004
EUGS 200A,10/FA,1005
SCOT 300B,10/FA,1006
COLR 200B,10/FA,1007
OWNS 200C,10/FA,1008
SCOT 200A,10/FA,1011
COLR 300B,10/FA,1012
OWNS 300A,10/FA,1013
SCOT 100A,10/FA,1014
EUGS 400A,10/FA,1015
EUGS 100C,10/FA,1016
OWNS 100C,10/FA,1017
DOWH 200D,10/FA,1018
DIXN 200A,10/FA,1019
BRKS 200B,10/FA,1020
PAGW 200B,10/FA,1021
NFLD OPT,10/FA,1022
BRKS 100A,10/FA,1024
DAVI 314A,10/FA,1025
MMRL 205B,10/FA,1026
CASS 329,10/FA,1027
MMRL 303B,10/FA,1028
DIXN 100A,10/FA,1029
NFLD OPT,10/FA,1030
MMRL 402C,10/FA,1031
NFLD OPT,10/FA,1032
MMRL 305B,10/FA,1034
NFLD OPT,10/FA,1035
NFLD OPT,10/FA,1036
MMRL 302D,10/FA,1037
MMRL 004A,10/FA,1038
MMRL 202A,10/FA,1039
NFLD OPT,10/FA,1041
NFLD OPT,10/FA,1042
MMRL 005C,10/FA,1046
MMRL 405C,10/FA,1047
COLR 100A,10/FA,1048
MMRL 103C,10/FA,1049
NFLD OPT,10/FA,1050
MMRL 203C,10/FA,1051
NFLD OPT,10/FA,1052
NFLD OPT,10/FA,1053
MMRL 301A,10/FA,1055
NFLD OPT,10/FA,1057
NFLD OPT,10/FA,1058
DAVI 204A,10/FA,1060
DAVI 304A,10/FA,1061
NFLD OPT,10/FA,1062
MMRL 204A,10/FA,1063
MMRL 201C,10/FA,1064
DOWH 100B,10/FA,1065
NFLD OPT,10/FA,1067
BURT 215,10/FA,1068
BURT 108,10/FA,1071
CLAD 100A,10/FA,1072
MMRL 101A,10/FA,1073
NFLD OPT,10/FA,1074
NFLD OPT,10/FA,1075
NFLD OPT,10/FA,1078
SEVY 203C,10/FA,1079
NFLD OPT,10/FA,1080
MMRL 102A,10/FA,1081
NFLD OPT,10/FA,1082
NFLD OPT,10/FA,1083
MMRL 401B,10/FA,1084
DAVI 111,10/FA,1085
DAVI 412,10/FA,1088
BURT 233,10/FA,1089
DAVI 404C,10/FA,1094
DAVI 104B,10/FA,1096
MMRL 403B,10/FA,1097
NFLD OPT,10/FA,1098
FACX 200D,10/FA,1100
NFLD OPT,10/FA,1102
NFLD OPT,10/FA,1103
CASS 201,10/FA,1105
DAVI 214,10/FA,1107
CASS 204,10/FA,1110
WILS 201,10/FA,1113
CASS 327,10/FA,1116
SEVY 303C,10/FA,1119
CASS 301,10/FA,1120
WILS 203,10/FA,1123
WILS 101,10/FA,1127
CASS 208,10/FA,1128
NOUR 103,10/FA,1131
DAVI 216A,10/FA,1133
NOUR 314,10/FA,1135
NOUR 207,10/FA,1136
MMRL 404A,10/FA,1138
CASS 418,10/FA,1139
NOUR 315,10/FA,1142
CASS 129,10/FA,1150
SEVY 208B,10/FA,1152
SEVY 209A,10/FA,1153
SEVY 212A,10/FA,1159
DAVI 309,10/FA,1161
SEVY 309B,10/FA,1162
CASS 308,10/FA,1163
CASS 429,10/FA,1165
BURT 335,10/FA,1166
WILS 202,10/FA,1169
SEVY 210A,10/FA,1172
SEVY 304,10/FA,1173
CASS 317,10/FA,1178
CASS 108,10/FA,1186
WILS 102,10/FA,1189
ALLE 201,10/FA,1190
CASS 401,10/FA,1195
CASS 217,10/FA,1197
SEVY 403B,10/FA,1199
CASS 227,10/FA,1202
SEVY 214B,10/FA,1205
HUNT 202,10/FA,1206
HUNT 103,10/FA,1210
NOUR 012,10/FA,1212
WATS 209,10/FA,1215
SEVY 409B,10/FA,1218
DAVI 122,10/FA,1224
ALLE 203,10/FA,1231
BURT 205,10/FA,1235
NOUR 015,10/FA,1240
SEVY 306B,10/FA,1242
HILL 301,10/FA,1253
DAVI 116A,10/FA,1254
MUSS 228,10/FA,1256
DAVI 121,10/FA,1257
ALLE 108,10/FA,1261
SEVY 312A,10/FA,1264
HILL 302,10/FA,1266
BURT 317,10/FA,1271
ALLE 206,10/FA,1276
NOUR 014,10/FA,1281
BURT 206,10/FA,1287
CASS 302,10/FA,1294
MYER 115A,10/FA,1296
HILL 208,10/FA,1297
BURT 227,10/FA,1298
SEVY 307B,10/FA,1300
NOUR 201A,10/FA,1307
BURT 223,10/FA,1316
NOUR 017,10/FA,1317
CASS 218,10/FA,1318
CASS 127,10/FA,1320
BURT 328,10/FA,1333
BURT 225A,10/FA,1334
RICE 300A,10/FA,1341
NOUR 016,10/FA,1345
ALLE 101,10/FA,1368
HILL 101,10/FA,1371
BURT 313,10/FA,1372
NOUR 307,10/FA,1376
CASS 214,10/FA,1384
CASS 427,10/FA,1392
BURT 123,10/FA,1393
BURT 305,10/FA,1394
MYER 334,10/FA,1402
EVAN 211A,10/FA,1408
BURT 331,10/FA,1410
FACL 103,10/FA,1411
CASS 417,10/FA,1414
CASS 408,10/FA,1417
EVAN 212A,10/FA,1423
BURT 103,10/FA,1428
MYER 414,10/FA,1431
RICE 300C,10/FA,1433
BURT 113A,10/FA,1438
GHUE 219,10/FA,1442
BURT 211,10/FA,1461
ALLE 102,10/FA,1462
BURT 418,10/FA,1472
BURT 408,10/FA,1474
NOUR 415,10/FA,1481
NOUR 214,10/FA,1494
BURT 323,10/FA,1495
HUNT 110,10/FA,1497
DAVI 215,10/FA,2001
BURT 217A,10/FA,2002
GHUE 202,10/FA,2004
WATS 202,10/FA,2005
FACL 012A,10/FA,2009
WATS 719,10/FA,2011
MYER 314,10/FA,2016
NOUR 106A,10/FA,2017
WATS 116,10/FA,2019
BURT 306,10/FA,2022
BURT 228,10/FA,2023
NOUR 301A,10/FA,2025
BURT 119,10/FA,2026
WATS 305,10/FA,2027
BURT 301A,10/FA,2031
BURT 109,10/FA,2032
CASS 322,10/FA,2034
NOUR 203A,10/FA,2037
GHUE 308,10/FA,2038
NOUR 216,10/FA,2040
BURT 222,10/FA,2042
HILL 102,10/FA,2043
BURT 325B,10/FA,2048
PREN 201,10/FA,2051
CASS 112,10/FA,2052
NOUR 108,10/FA,2055
BURT 208A,10/FA,2057
WATS 205,10/FA,2058
EVAN 408A,10/FA,2059
HILL 206,10/FA,2061
EVAN 311A,10/FA,2070
WATS 315,10/FA,2077
BURT 130A,10/FA,2078
NOUR 417,10/FA,2080
RICE 203A,10/FA,2083
BURT 330A,10/FA,2084
WATS 302,10/FA,2086
WATS 409,10/FA,2092
ALLE 107A,10/FA,2093
MUSS 427,10/FA,2095
BURT 308A,10/FA,2101
CASS 221,10/FA,2106
WATS 304,10/FA,2116
CASS 212,10/FA,2118
WATS 319,10/FA,2119
WATS 405,10/FA,2127
BURT 302A,10/FA,2128
WATS 509,10/FA,2132
NOUR 110,10/FA,2136
NOUR 309A,10/FA,2137
HILL 201,10/FA,2138
BURT 402,10/FA,2148
BURT 226A,10/FA,2152
CASS 405,10/FA,2161
CASS 312,10/FA,2168
NOUR 418,10/FA,2171
BURT 209A,10/FA,2180
WATS 511,10/FA,2181
CASS 203,10/FA,2189
EVAN 210A,10/FA,2192
WATS 219,10/FA,2197
MUSS 211,10/FA,2202
CASS 321,10/FA,2204
CASS 319,10/FA,2206
NOUR 407A,10/FA,2209
BURT 309,10/FA,2214
GHUE 304,10/FA,2221
MYER 433,10/FA,2222
CASS 226,10/FA,2227
WATS 712,10/FA,2232
WATS 512,10/FA,2241
NOUR 304A,10/FA,2244
MYER 413,10/FA,2247
WATS 404,10/FA,2250
MYER 233,10/FA,2251
WATS 708,10/FA,2253
DAVI 115,10/FA,2259
MUSS 314,10/FA,2260
EVAN 303,10/FA,2277
MUSS 327,10/FA,2284
WATS 208,10/FA,2290
EVAN 113,10/FA,2295
WATS 612,10/FA,2299
EVAN 105,10/FA,2303
EVAN 312A,10/FA,2307
MUSS 411,10/FA,2309
FACL 102,10/FA,2311
EVAN 411A,10/FA,2312
CASS 113,10/FA,2322
CASS 402,10/FA,2329
FACL 202,10/FA,2334
BURT 417,10/FA,2339
WATS 218,10/FA,2350
CASS 211,10/FA,2365
MYER 313,10/FA,2372
WATS 718,10/FA,2373
FACL 104,10/FA,2374
WATS 609,10/FA,2378
BURT 121A,10/FA,2382
GHUE 419,10/FA,2390
WATS 419,10/FA,2394
WATS 504,10/FA,2408
EVAN 209A,10/FA,2416
WATS 312,10/FA,2430
WATS 715,10/FA,2436
HUNT 102,10/FA,2443
WATS 311,10/FA,2444
WATS 608,10/FA,2449
EVAN 206,10/FA,2468
MUSS 311,10/FA,2471
EVAN 307A,10/FA,2475
WATS 411,10/FA,2476
WATS 416,10/FA,2484
MUSS 328,10/FA,2489
WATS 316,10/FA,2493
CASS 213,10/FA,2498
WATS 515,10/FA,2503
MYER 333,10/FA,2506
GHUE 208,10/FA,2510
EVAN 201,10/FA,3001
EVAN 309A,10/FA,3002
CASS 403,10/FA,3003
CASS 320,10/FA,3005
EVAN 412A,10/FA,3006
CASS 414,10/FA,3007
HILL 103,10/FA,3008
GHUE 302,10/FA,3009
MYER 446,10/FA,3010
MUSS 414,10/FA,3011
MYER 406,10/FA,3012
BURT 414A,10/FA,3013
RICE 105A,10/FA,3014
NOUR 208A,10/FA,3015
GHUE 402,10/FA,3016
BURT 110A,10/FA,3018
CASS 305,10/FA,3019
CASS 411,10/FA,3020
CASS 420,10/FA,3021
CASS 421,10/FA,3022
HUNT 203,10/FA,3024
CASS 404,10/FA,3030
EVAN 301,10/FA,3034
EVAN 401,10/FA,3036
CASS 220,10/FA,3037
WATS 211,10/FA,3038
EVAN 409A,10/FA,3039
CASS 207,10/FA,3041
EVAN 410A,10/FA,3042
WATS 619,10/FA,3045
MYER 445,10/FA,3046
HUNT 208,10/FA,3048
CASS 309,10/FA,3049
EVAN 306,10/FA,3051
MYER 404,10/FA,3052
BURT 406,10/FA,3055
WATS 402,10/FA,3057
EVAN 112,10/FA,3059
EVAN 407A,10/FA,3060
EVAN 203,10/FA,3061
BURT 235A,10/FA,3066
HUNT 205,10/FA,3068
PRSH 302,10/FA,3071
EVAN 207A,10/FA,3072
NOUR 303A,10/FA,3073
BURT 401,10/FA,3075
BURT 126A,10/FA,3076
WATS 216,10/FA,3079
EVAN 205,10/FA,3082
MYER 436,10/FA,3083
WATS 415,10/FA,3084
WATS 518,10/FA,3086
EVAN 406,10/FA,3089
EVAN 115,10/FA,3091
EVAN 304,10/FA,3092
BURT 419,10/FA,3094
MYER 401,10/FA,3095
MYER 241,10/FA,3100
EVAN 116A,10/FA,3102
MYER 438,10/FA,3105
HUNT 204,10/FA,3106
MYER 201,10/FA,3107
MYER 343,10/FA,3109
MYER 337,10/FA,3111
MYER 211,10/FA,3113
FACL 100,10/FA,3115
MYER 301,10/FA,3119
WATS 508,10/FA,3120
EVAN 204,10/FA,3121
WATS 602,10/FA,3124
MYER 302,10/FA,3126
EVAN 305,10/FA,3130
MYER 308,10/FA,3131
MYER 341,10/FA,3133
MUSS 306,10/FA,3134
EVAN 102,10/FA,3135
MYER 203,10/FA,3137
MUSS 426,10/FA,3141
EVAN 107,10/FA,3144
EVAN 103,10/FA,3148
GHUE 339,10/FA,3150
MYER 243,10/FA,3152
FACL 203,10/FA,3153
MYER 242,10/FA,3155
GHUE 310,10/FA,3156
EVAN 110,10/FA,3160
WATS 212,10/FA,3167
FACL 201,10/FA,3169
WATS 318,10/FA,3171
MYER 206,10/FA,3172
WATS 704,10/FA,3173
WATS 616,10/FA,3174
GHUE 409,10/FA,3179
WATS 618,10/FA,3180
MUSS 428,10/FA,3181
MYER 208,10/FA,3183
GHUE 415,10/FA,3184
GHUE 410,10/FA,3186
WATS 505,10/FA,3191
FACL 101,10/FA,3193
GHUE 235,10/FA,3195
MUSS 317,10/FA,3200
GHUE 405,10/FA,3202
EVAN 114,10/FA,3203
GHUE 315,10/FA,3207
MUSS 401,10/FA,3211
NOUR 013,10/FA,3212
WATS 502,10/FA,3215
GHUE 309,10/FA,3218
GHUE 314,10/FA,3222
GHUE 207,10/FA,3228
GHUE 243,10/FA,3236
FACL 105,10/FA,3238
GHUE 102,10/FA,3241
MUSS 222,10/FA,3244
GHUE 445,10/FA,3247
ALLE 207,10/FA,3251
BURT 409,10/FA,3253
WATS 408,10/FA,3256
GHUE 441,10/FA,3259
GHUE 122,10/FA,3262
MUSS 203,10/FA,3275
RICE 204A,10/FA,3281
MUSS 410,10/FA,3282
MUSS 326,10/FA,3283
GHUE 209,10/FA,3284
GHUE 319,10/FA,3285
GHUE 335,10/FA,3286
FACL 200,10/FA,3294
WATS 308,10/FA,3303
MUSS 208,10/FA,3305
MUSS 325,10/FA,3308
MUSS 417,10/FA,3310
GHUE 139,10/FA,3314
GHUE 137,10/FA,3320
MUSS 319,10/FA,3325
GHUE 428,10/FA,3328
MUSS 206,10/FA,3333
GHUE 442,10/FA,3341
GHUE 113,10/FA,3344
GHUE 115,10/FA,3345
MUSS 406,10/FA,3397
GHUE 104,10/FA,3398
EVAN 101,10/FA,3400
RICE 111A,10/FA,3408
GHUE 128,10/FA,3421
GHUE 328,10/FA,3430
GHUE 223,10/FA,3461
GHUE 345,10/FA,3463
GHUE 408,10/FA,3488
EVAN 111,10/FA,3533
NASN 100A,11/FA,1001
DIXN 200A,11/FA,1002
HNTH 100B,11/FA,1003
HNTH 200A,11/FA,1004
SCOT 100A,11/FA,1005
CLWL 100D,11/FA,1006
DOWH 200C,11/FA,1007
EUGS 200A,11/FA,1008
NFLD OPT,11/FA,1009
SCOT 300A,11/FA,1010
NFLD OPT,11/FA,1011
NFLD OPT,11/FA,1012
OWNS 200B,11/FA,1013
DIXN 100B,11/FA,1014
COLR 200B,11/FA,1015
COLR 300A,11/FA,1016
NFLD OPT,11/FA,1017
OWNS 300A,11/FA,1018
NFLD OPT,11/FA,1020
NFLD OPT,11/FA,1021
MMRL 205C,11/FA,1022
NFLD OPT,11/FA,1023
EUGS 400C,11/FA,1024
OWNS 100B,11/FA,1025
NFLD OPT,11/FA,1026
NFLD OPT,11/FA,1028
MMRL 004A,11/FA,1029
NFLD OPT,11/FA,1031
CASS 218,11/FA,1032
EUGS 100C,11/FA,1034
DOWH 100B,11/FA,1036
BRKS 200B,11/FA,1037
COLR 100A,11/FA,1038
BRKS 100B,11/FA,1039
MMRL 302C,11/FA,1040
CLAD 100A,11/FA,1042
NFLD OPT,11/FA,1043
MMRL 202A,11/FA,1045
MMRL 203B,11/FA,1046
MMRL 103A,11/FA,1047
MMRL 303A,11/FA,1048
NFLD OPT,11/FA,1049
DAVI 114,11/FA,1050
NFLD OPT,11/FA,1052
NFLD OPT,11/FA,1053
NFLD OPT,11/FA,1054
MMRL 402B,11/FA,1055
MMRL 201A,11/FA,1056
NFLD OPT,11/FA,1059
MMRL 305A,11/FA,1060
NFLD OPT,11/FA,1064
MMRL 005C,11/FA,1066
MMRL 204A,11/FA,1067
NFLD OPT,11/FA,1068
FACX 200A,11/FA,1069
DAVI 314C,11/FA,1070
NFLD OPT,11/FA,1071
NFLD OPT,11/FA,1072
NFLD OPT,11/FA,1073
NFLD OPT,11/FA,1074
MMRL 101C,11/FA,1076
CASS 108,11/FA,1077
MMRL 405B,11/FA,1079
MMRL 301A,11/FA,1080
NFLD OPT,11/FA,1081
DAVI 204B,11/FA,1083
MMRL 401C,11/FA,1085
WILS 102,11/FA,1087
DAVI 304B,11/FA,1089
MMRL 102A,11/FA,1090
MMRL 404A,11/FA,1091
MMRL 403B,11/FA,1094
SEVY 409B,11/FA,1101
NFLD OPT,11/FA,1105
SEVY 203B,11/FA,1109
SEVY 403B,11/FA,1112
SEVY 208B,11/FA,1115
SEVY 209B,11/FA,1116
SEVY 307B,11/FA,1118
CASS 308,11/FA,1120
SEVY 207A,11/FA,1124
SEVY 306B,11/FA,1127
SEVY 214B,11/FA,1128
SEVY 210B,11/FA,1129
SEVY 309A,11/FA,1133
BURT 408,11/FA,1135
SEVY 312A,11/FA,1140
DAVI 104A,11/FA,1141
CASS 327,11/FA,1142
DAVI 215,11/FA,1143
HILL 301,11/FA,1147
DAVI 404A,11/FA,1149
DAVI 122,11/FA,1151
CASS 318,11/FA,1152
EVAN 211A,11/FA,1159
CASS 208,11/FA,1160
BURT 414A,11/FA,1164
CASS 127,11/FA,1167
DAVI 214,11/FA,1168
CASS 418,11/FA,1175
HILL 302,11/FA,1177
HILL 201,11/FA,1178
HILL 101,11/FA,1183
NOUR 207,11/FA,1191
HUNT 203,11/FA,1192
DAVI 216A,11/FA,1194
BURT 222,11/FA,1195
EVAN 311A,11/FA,1201
BURT 235A,11/FA,1204
BURT 323,11/FA,1206
HUNT 110,11/FA,1208
CASS 317,11/FA,1212
BURT 325B,11/FA,1213
BURT 233,11/FA,1218
BURT 421,11/FA,1223
CASS 408,11/FA,1224
BURT 226A,11/FA,1227
HILL 102,11/FA,1230
BURT 228,11/FA,1243
WILS 201,11/FA,1245
HUNT 102,11/FA,1252
CASS 216,11/FA,1254
CASS 217,11/FA,1257
BURT 206,11/FA,1261
BURT 209A,11/FA,1262
CASS 106,11/FA,1263
BURT 306,11/FA,1264
DAVI 116A,11/FA,1272
NOUR 214,11/FA,1275
BURT 208A,11/FA,1278
BURT 328,11/FA,1279
SEVY 304,11/FA,1291
HUNT 204,11/FA,1298
FACL 201,11/FA,1299
FACL 103,11/FA,1302
WATS 116,11/FA,1303
NOUR 012,11/FA,1314
BURT 330A,11/FA,1319
CASS 227,11/FA,1324
DAVI 309,11/FA,1326
BURT 317,11/FA,1327
BURT 211,11/FA,1332
BURT 223,11/FA,1344
DAVI 121,11/FA,1346
NOUR 307,11/FA,1355
NOUR 314,11/FA,1360
ALLE 206,11/FA,1369
DAVI 111,11/FA,1372
BURT 308A,11/FA,1378
CASS 201,11/FA,1380
FACL 012A,11/FA,1383
NOUR 015,11/FA,1399
CASS 401,11/FA,1401
BURT 205,11/FA,1411
WILS 101,11/FA,1418
NOUR 107,11/FA,1423
BURT 329,11/FA,1437
BURT 324,11/FA,1440
CASS 417,11/FA,1465
BURT 331,11/FA,1466
BURT 227,11/FA,1467
FACL 203,11/FA,1471
BURT 309,11/FA,1475
BURT 313,11/FA,1476
ALLE 207,11/FA,1477
GHUE 308,11/FA,1485
BURT 109,11/FA,1504
BURT 312A,11/FA,2005
BURT 418,11/FA,2006
NOUR 417,11/FA,2007
NOUR 206A,11/FA,2012
CASS 301,11/FA,2014
NOUR 418,11/FA,2015
MYER 115A,11/FA,2016
MYER 214,11/FA,2018
DAVI 115,11/FA,2019
BURT 113A,11/FA,2020
NOUR 105,11/FA,2021
CASS 427,11/FA,2022
NOUR 103,11/FA,2023
BURT 225B,11/FA,2026
NOUR 108,11/FA,2032
BURT 119,11/FA,2033
RICE 300C,11/FA,2037
BURT 121B,11/FA,2039
CASS 321,11/FA,2040
BURT 302A,11/FA,2041
MYER 411,11/FA,2043
BURT 217A,11/FA,2048
BURT 130A,11/FA,2049
CASS 203,11/FA,2050
BURT 301A,11/FA,2051
NOUR 301A,11/FA,2053
BURT 123,11/FA,2055
NOUR 201A,11/FA,2056
NOUR 303A,11/FA,2057
BURT 106A,11/FA,2059
NOUR 110,11/FA,2062
RICE 204A,11/FA,2066
CASS 402,11/FA,2068
BURT 305,11/FA,2069
HILL 103,11/FA,2070
WATS 616,11/FA,2071
CASS 421,11/FA,2072
RICE 300A,11/FA,2073
NOUR 208A,11/FA,2075
HUNT 205,11/FA,2076
NOUR 017,11/FA,2077
NOUR 101A,11/FA,2078
CASS 405,11/FA,2083
NOUR 216,11/FA,2084
EVAN 412A,11/FA,2087
ALLE 108,11/FA,2091
CASS 328,11/FA,2096
MYER 433,11/FA,2097
RICE 300B,11/FA,2099
DAVI 412,11/FA,2101
BURT 215,11/FA,2102
CASS 404,11/FA,2103
BURT 402,11/FA,2112
MUSS 311,11/FA,2115
NOUR 203A,11/FA,2116
EVAN 207A,11/FA,2119
WATS 709,11/FA,2123
BURT 110A,11/FA,2126
CASS 220,11/FA,2128
WATS 718,11/FA,2132
MUSS 214,11/FA,2138
NOUR 016,11/FA,2146
WATS 711,11/FA,2147
NOUR 415,11/FA,2148
MYER 337,11/FA,2150
NOUR 014,11/FA,2151
CASS 407,11/FA,2153
HUNT 208,11/FA,2155
BURT 124,11/FA,2159
FACL 101,11/FA,2160
WATS 318,11/FA,2162
WATS 618,11/FA,2166
WILS 203,11/FA,2167
ALLE 201,11/FA,2170
CASS 213,11/FA,2175
NOUR 304A,11/FA,2177
CASS 403,11/FA,2181
WATS 716,11/FA,2183
NOUR 306A,11/FA,2186
WILS 202,11/FA,2188
CASS 212,11/FA,2192
CASS 113,11/FA,2195
WATS 308,11/FA,2206
RICE 203A,11/FA,2207
ALLE 102,11/FA,2217
WATS 702,11/FA,2218
EVAN 409A,11/FA,2221
MUSS 227,11/FA,2226
WATS 704,11/FA,2229
CASS 320,11/FA,2230
HILL 208,11/FA,2234
WATS 316,11/FA,2242
WATS 416,11/FA,2251
MYER 233,11/FA,2252
WATS 511,11/FA,2256
ALLE 101,11/FA,2257
WATS 708,11/FA,2258
MYER 333,11/FA,2261
MYER 313,11/FA,2265
RICE 202,11/FA,2267
CASS 302,11/FA,2269
CASS 305,11/FA,2270
MUSS 427,11/FA,2273
CASS 128,11/FA,2275
MUSS 428,11/FA,2279
EVAN 312A,11/FA,2280
EVAN 304,11/FA,2284
WATS 619,11/FA,2296
CASS 109,11/FA,2307
WATS 205,11/FA,2314
MYER 314,11/FA,2315
WATS 512,11/FA,2317
FACL 204,11/FA,2321
WATS 309,11/FA,2340
CASS 313,11/FA,2345
WATS 311,11/FA,2348
EVAN 212A,11/FA,2349
ALLE 203,11/FA,2350
CASS 420,11/FA,2352
HUNT 105,11/FA,2355
WATS 312,11/FA,2358
WATS 209,11/FA,2359
CASS 221,11/FA,2360
MUSS 411,11/FA,2363
WATS 218,11/FA,2377
WATS 208,11/FA,2390
MUSS 327,11/FA,2392
WATS 204,11/FA,2397
WATS 408,11/FA,2403
EVAN 103,11/FA,2404
WATS 211,11/FA,2405
MYER 414,11/FA,2411
CASS 411,11/FA,2428
CASS 204,11/FA,2429
WATS 516,11/FA,2430
WATS 202,11/FA,2438
WATS 715,11/FA,2449
WATS 515,11/FA,2455
MYER 401,11/FA,2459
DAVI 414,11/FA,2462
GHUE 319,11/FA,2470
GHUE 202,11/FA,2474
GHUE 208,11/FA,2475
WATS 219,11/FA,2478
WATS 612,11/FA,2483
EVAN 411A,11/FA,2486
WATS 212,11/FA,2493
MUSS 328,11/FA,2494
WATS 411,11/FA,2499
WATS 305,11/FA,2509
WATS 302,11/FA,2517
WATS 412,11/FA,2518
WATS 519,11/FA,2531
CASS 309,11/FA,2534
WATS 712,11/FA,2539
WATS 505,11/FA,2547
MUSS 211,11/FA,2548
EVAN 113,11/FA,2602
EVAN 209A,11/FA,2606
GHUE 408,11/FA,2607
WATS 418,11/FA,2608
NOUR 309A,11/FA,3001
NOUR 407A,11/FA,3002
CASS 426,11/FA,3004
EVAN 301,11/FA,3006
CASS 312,11/FA,3008
BURT 409,11/FA,3009
MYER 446,11/FA,3010
GHUE 310,11/FA,3011
EVAN 401,11/FA,3012
EVAN 201,11/FA,3013
NOUR 013,11/FA,3014
EVAN 307A,11/FA,3016
CASS 414,11/FA,3017
CASS 322,11/FA,3018
CASS 211,11/FA,3020
WATS 605,11/FA,3021
CASS 112,11/FA,3022
MYER 406,11/FA,3023
EVAN 309A,11/FA,3025
EVAN 407A,11/FA,3027
CASS 226,11/FA,3028
EVAN 204,11/FA,3029
CASS 207,11/FA,3030
BURT 417,11/FA,3034
BURT 401,11/FA,3035
GHUE 410,11/FA,3036
EVAN 115,11/FA,3037
BURT 406,11/FA,3039
MYER 404,11/FA,3040
EVAN 210A,11/FA,3045
EVAN 015,11/FA,3046
RICE 111A,11/FA,3049
WATS 216,11/FA,3050
EVAN 408A,11/FA,3052
EVAN 116A,11/FA,3053
MYER 336,11/FA,3054
EVAN 104A,11/FA,3055
EVAN 410A,11/FA,3057
GHUE 209,11/FA,3059
MYER 445,11/FA,3060
MYER 436,11/FA,3063
MYER 408,11/FA,3064
MYER 208,11/FA,3065
MUSS 228,11/FA,3066
MYER 438,11/FA,3069
GHUE 402,11/FA,3070
MYER 243,11/FA,3071
GHUE 405,11/FA,3074
EVAN 203,11/FA,3077
EVAN 013,11/FA,3078
EVAN 306,11/FA,3082
MYER 301,11/FA,3088
GHUE 309,11/FA,3089
WATS 415,11/FA,3091
MYER 241,11/FA,3092
GHUE 409,11/FA,3094
GHUE 314,11/FA,3096
WATS 405,11/FA,3097
MYER 201,11/FA,3102
GHUE 315,11/FA,3106
GHUE 302,11/FA,3107
ALLE 107A,11/FA,3108
WATS 604,11/FA,3109
MYER 343,11/FA,3111
GHUE 223,11/FA,3112
MYER 211,11/FA,3115
GHUE 305,11/FA,3116
WATS 615,11/FA,3118
EVAN 105,11/FA,3121
GHUE 445,11/FA,3124
GHUE 415,11/FA,3125
EVAN 206,11/FA,3128
EVAN 107,11/FA,3130
WATS 508,11/FA,3132
MYER 203,11/FA,3133
MYER 308,11/FA,3134
MYER 341,11/FA,3138
MYER 302,11/FA,3141
MYER 242,11/FA,3142
WATS 502,11/FA,3146
MYER 236,11/FA,3147
EVAN 305,11/FA,3151
GHUE 339,11/FA,3153
GHUE 219,11/FA,3155
WATS 602,11/FA,3159
MUSS 318,11/FA,3160
GHUE 419,11/FA,3162
EVAN 403,11/FA,3166
GHUE 216,11/FA,3170
GHUE 214,11/FA,3171
EVAN 101,11/FA,3172
EVAN 007,11/FA,3173
GHUE 207,11/FA,3176
HILL 206,11/FA,3179
EVAN 005,11/FA,3180
GHUE 235,11/FA,3181
GHUE 328,11/FA,3183
EVAN 406,11/FA,3184
GHUE 113,11/FA,3185
GHUE 335,11/FA,3191
EVAN 009,11/FA,3192
GHUE 243,11/FA,3195
WATS 404,11/FA,3196
WATS 402,11/FA,3198
GHUE 104,11/FA,3205
WATS 504,11/FA,3208
EVAN 109,11/FA,3212
EVAN 110,11/FA,3219
FACL 202,11/FA,3220
EVAN 011,11/FA,3223
GHUE 345,11/FA,3224
GHUE 139,11/FA,3225
GHUE 228,11/FA,3226
ALLE 208,11/FA,3229
GHUE 441,11/FA,3233
GHUE 442,11/FA,3237
EVAN 112,11/FA,3238
MYER 206,11/FA,3242
GHUE 115,11/FA,3250
MUSS 306,11/FA,3253
GHUE 137,11/FA,3257
GHUE 102,11/FA,3261
GHUE 128,11/FA,3267
EVAN 111,11/FA,3270
GHUE 428,11/FA,3272
FACL 104,11/FA,3273
FACL 102,11/FA,3274
GHUE 122,11/FA,3275
MUSS 406,11/FA,3279
MUSS 426,11/FA,3283
FACL 205,11/FA,3287
MUSS 317,11/FA,3294
EVAN 205,11/FA,3297
MUSS 325,11/FA,3299
MUSS 410,11/FA,3300
MUSS 319,11/FA,3301
MUSS 404,11/FA,3304
FACL 100,11/FA,3306
MUSS 303,11/FA,3308
MUSS 206,11/FA,3314
MUSS 213,11/FA,3319
MUSS 203,11/FA,3321
MUSS 217,11/FA,3326
WATS 705,11/FA,3330
FACL 200,11/FA,3331
MUSS 222,11/FA,3340
MUSS 326,11/FA,3342
FACL 105,11/FA,3350
MUSS 210,11/FA,3361
RICE 105A,11/FA,3365
MUSS 401,11/FA,3376
MUSS 417,11/FA,3378
MUSS 313,11/FA,3393
WATS 319,11/FA,3412
MUSS 208,11/FA,3418
WATS 419,11/FA,3458
WATS 608,11/FA,3469
WATS 609,11/FA,3485
WATS 509,11/FA,3493
MUSS 225,11/FA,3521
NASN 100A,12/FA,1001
NFLD OPT,12/FA,1003
NFLD OPT,12/FA,1006
HNTH 200B,12/FA,1007
NFLD OPT,12/FA,1008
NFLD OPT,12/FA,1009
HNTH 100B,12/FA,1010
DOWH 200D,12/FA,1011
CLWL 100A,12/FA,1012
MMRL 205B,12/FA,1013
NFLD OPT,12/FA,1014
SCOT 200A,12/FA,1015
EUGS 400B,12/FA,1016
OWNS 300B,12/FA,1017
NFLD OPT,12/FA,1018
NFLD OPT,12/FA,1019
COLR 300B,12/FA,1020
SCOT 300C,12/FA,1021
EUGS 200B,12/FA,1022
NFLD OPT,12/FA,1023
OWNS 200C,12/FA,1024
NFLD OPT,12/FA,1025
MMRL 202D,12/FA,1026
SCOT 100B,12/FA,1027
COLR 200B,12/FA,1028
NFLD OPT,12/FA,1029
NFLD OPT,12/FA,1030
NFLD OPT,12/FA,1031
NFLD OPT,12/FA,1032
EUGS 100A,12/FA,1034
OWNS 100A,12/FA,1035
DOWH 100B,12/FA,1036
DIXN 200B,12/FA,1037
NFLD OPT,12/FA,1038
MMRL 305C,12/FA,1039
NFLD OPT,12/FA,1040
NFLD OPT,12/FA,1041
COLR 100A,12/FA,1042
MMRL 302D,12/FA,1043
MMRL 402B,12/FA,1044
FACX 200C,12/FA,1045
WILS 201,12/FA,1046
MMRL 004D,12/FA,1047
NFLD OPT,12/FA,1048
MMRL 005C,12/FA,1049
SEVY 212A,12/FA,1051
WILS 203,12/FA,1052
MMRL 203B,12/FA,1053
NFLD OPT,12/FA,1054
NFLD OPT,12/FA,1055
MMRL 405B,12/FA,1057
MMRL 103C,12/FA,1058
NFLD OPT,12/FA,1059
MMRL 303C,12/FA,1061
SEVY 203A,12/FA,1065
MMRL 201A,12/FA,1066
MMRL 301B,12/FA,1070
BRKS 200B,12/FA,1072
NFLD OPT,12/FA,1073
PRSH 119,12/FA,1074
DAVI 314A,12/FA,1076
NFLD OPT,12/FA,1078
SEVY 303C,12/FA,1079
MMRL 401A,12/FA,1080
MMRL 204C,12/FA,1081
SEVY 311,12/FA,1082
CLAD 100A,12/FA,1083
DAVI 204A,12/FA,1084
BRKS 100A,12/FA,1087
SEVY 208A,12/FA,1088
MMRL 101C,12/FA,1089
FACL 012A,12/FA,1092
DAVI 304C,12/FA,1093
SEVY 403B,12/FA,1094
SEVY 306A,12/FA,1097
SEVY 409B,12/FA,1100
MMRL 403A,12/FA,1103
MMRL 404C,12/FA,1104
FACL 202,12/FA,1105
SEVY 309A,12/FA,1112
NOUR 417,12/FA,1113
CASS 401,12/FA,1114
MMRL 102C,12/FA,1116
SEVY 209B,12/FA,1117
WILS 101,12/FA,1119
CASS 218,12/FA,1120
BURT 206,12/FA,1121
NOUR 314,12/FA,1124
NOUR 214,12/FA,1126
BURT 306,12/FA,1127
MYER 115A,12/FA,1129
WILS 102,12/FA,1133
CASS 208,12/FA,1134
SEVY 210A,12/FA,1138
CASS 213,12/FA,1143
SEVY 213,12/FA,1152
ALLE 204A,12/FA,1157
DIXN 100B,12/FA,1158
BURT 224,12/FA,1166
DAVI 114,12/FA,1181
CASS 317,12/FA,1184
BURT 228,12/FA,1186
CASS 227,12/FA,1187
CASS 308,12/FA,1193
WILS 202,12/FA,1195
BURT 325B,12/FA,1196
BURT 211,12/FA,1197
BURT 229A,12/FA,1198
BURT 233,12/FA,1199
BURT 323,12/FA,1203
HILL 101,12/FA,1205
DAVI 104A,12/FA,1207
CASS 429,12/FA,1210
CASS 427,12/FA,1212
CASS 217,12/FA,1218
HUNT 110,12/FA,1219
DAVI 211,12/FA,1221
BURT 414A,12/FA,1233
DAVI 404C,12/FA,1235
BURT 223,12/FA,1236
DAVI 222,12/FA,1239
CASS 318,12/FA,1241
BURT 205,12/FA,1242
BURT 227,12/FA,1245
CASS 127,12/FA,1246
CASS 418,12/FA,1252
BURT 317,12/FA,1255
BURT 302A,12/FA,1256
SEVY 304,12/FA,1258
DAVI 208,12/FA,1261
NOUR 105,12/FA,1266
NOUR 307,12/FA,1274
BURT 328,12/FA,1278
BURT 329,12/FA,1288
DAVI 309,12/FA,1291
DAVI 412,12/FA,1298
CASS 201,12/FA,1299
CASS 301,12/FA,1301
DAVI 308,12/FA,1311
FACL 101,12/FA,1319
BURT 308B,12/FA,1322
CASS 327,12/FA,1323
BURT 418,12/FA,1326
BURT 305,12/FA,1330
CASS 408,12/FA,1334
CASS 417,12/FA,1338
BURT 331,12/FA,1343
MYER 414,12/FA,1346
BURT 226A,12/FA,1347
CASS 108,12/FA,1353
HUNT 202,12/FA,1370
CASS 106,12/FA,1381
BURT 335,12/FA,1385
SEVY 214B,12/FA,1386
NOUR 415,12/FA,1398
ALLE 206,12/FA,1403
ALLE 108,12/FA,1407
BURT 215,12/FA,1411
BURT 408,12/FA,1413
BURT 129,12/FA,1416
NOUR 207,12/FA,1417
HILL 302,12/FA,1418
NOUR 012,12/FA,1421
MYER 334,12/FA,1426
ALLE 101,12/FA,1447
BURT 309,12/FA,1455
WATS 116,12/FA,1458
BURT 235A,12/FA,1461
BURT 103,12/FA,1464
ALLE 102,12/FA,1479
NOUR 303A,12/FA,1506
DAVI 214,12/FA,1508
WATS 211,12/FA,1514
NOUR 017,12/FA,1516
BURT 402,12/FA,1532
NOUR 015,12/FA,1625
SEVY 312B,12/FA,2001
NOUR 103,12/FA,2002
GHUE 125,12/FA,2005
NOUR 206A,12/FA,2007
ALLE 207,12/FA,2011
NOUR 216,12/FA,2014
NOUR 014,12/FA,2019
DAVI 112,12/FA,2020
NOUR 306A,12/FA,2021
DAVI 216A,12/FA,2024
BURT 113A,12/FA,2025
RICE 300B,12/FA,2027
FACL 203,12/FA,2030
HILL 208,12/FA,2031
BURT 225A,12/FA,2032
BURT 208A,12/FA,2034
HILL 301,12/FA,2036
DAVI 116A,12/FA,2039
NOUR 309A,12/FA,2040
MUSS 328,12/FA,2045
BURT 212A,12/FA,2046
BURT 217A,12/FA,2047
HUNT 102,12/FA,2049
RICE 300A,12/FA,2051
DAVI 215,12/FA,2053
GHUE 308,12/FA,2054
RICE 204A,12/FA,2061
NOUR 016,12/FA,2065
NOUR 304A,12/FA,2066
NOUR 108,12/FA,2067
BURT 121A,12/FA,2069
WATS 218,12/FA,2070
NOUR 301A,12/FA,2072
WATS 718,12/FA,2074
MYER 314,12/FA,2078
NOUR 107,12/FA,2079
DAVI 207,12/FA,2080
BURT 406,12/FA,2081
HILL 102,12/FA,2082
HILL 103,12/FA,2085
BURT 125A,12/FA,2088
WATS 605,12/FA,2090
BURT 330A,12/FA,2096
GHUE 202,12/FA,2100
BURT 109,12/FA,2101
WATS 708,12/FA,2105
BURT 119,12/FA,2107
NOUR 110,12/FA,2109
CASS 305,12/FA,2121
CASS 313,12/FA,2123
DAVI 312,12/FA,2128
DAVI 206,12/FA,2130
BURT 123,12/FA,2133
WATS 502,12/FA,2134
DAVI 409,12/FA,2137
WATS 315,12/FA,2142
HILL 206,12/FA,2144
MYER 433,12/FA,2146
NOUR 418,12/FA,2149
HILL 201,12/FA,2151
FACL 204,12/FA,2155
NOUR 407A,12/FA,2156
MYER 214,12/FA,2161
MYER 333,12/FA,2166
GHUE 419,12/FA,2167
WATS 504,12/FA,2168
HUNT 203,12/FA,2172
MUSS 427,12/FA,2177
BURT 301A,12/FA,2178
WATS 212,12/FA,2186
GHUE 219,12/FA,2190
DAVI 109,12/FA,2191
CASS 204,12/FA,2192
WATS 711,12/FA,2193
MUSS 211,12/FA,2196
WATS 505,12/FA,2197
BURT 319A,12/FA,2199
NOUR 101A,12/FA,2201
WATS 302,12/FA,2203
MUSS 311,12/FA,2204
GHUE 402,12/FA,2207
RICE 300C,12/FA,2208
CASS 212,12/FA,2210
WATS 309,12/FA,2214
DAVI 307,12/FA,2221
HUNT 205,12/FA,2225
FACL 103,12/FA,2229
WATS 715,12/FA,2249
BURT 126A,12/FA,2253
WATS 204,12/FA,2254
WATS 705,12/FA,2257
WATS 716,12/FA,2260
DAVI 306,12/FA,2261
CASS 314,12/FA,2272
HUNT 208,12/FA,2281
WATS 202,12/FA,2284
HUNT 204,12/FA,2287
CASS 402,12/FA,2291
WATS 404,12/FA,2301
CASS 203,12/FA,2306
CASS 221,12/FA,2310
WATS 616,12/FA,2315
DAVI 209,12/FA,2318
CASS 220,12/FA,2322
WATS 608,12/FA,2333
RICE 111A,12/FA,2334
WATS 304,12/FA,2337
WATS 305,12/FA,2344
CASS 307,12/FA,2347
DAVI 110,12/FA,2353
WATS 609,12/FA,2358
WATS 602,12/FA,2362
WATS 509,12/FA,2363
WATS 516,12/FA,2366
WATS 319,12/FA,2376
WATS 709,12/FA,2384
WATS 409,12/FA,2387
GHUE 319,12/FA,2390
FACL 201,12/FA,2393
MUSS 228,12/FA,2396
CASS 322,12/FA,2406
CASS 420,12/FA,2415
WATS 618,12/FA,2420
BURT 122A,12/FA,2440
WATS 719,12/FA,2442
CASS 312,12/FA,2448
WATS 419,12/FA,2451
CASS 209,12/FA,2456
WATS 308,12/FA,2480
WATS 215,12/FA,2492
WATS 604,12/FA,2500
DAVI 414,12/FA,2502
WATS 704,12/FA,2508
MUSS 327,12/FA,2513
GHUE 302,12/FA,2520
GHUE 208,12/FA,2524
WATS 512,12/FA,2526
BURT 209A,12/FA,3002
NOUR 201A,12/FA,3003
MUSS 428,12/FA,3004
HUNT 105,12/FA,3005
NOUR 208A,12/FA,3008
FACL 200,12/FA,3009
WATS 612,12/FA,3012
GHUE 303,12/FA,3013
WATS 411,12/FA,3014
NOUR 203A,12/FA,3015
CASS 328,12/FA,3016
NOUR 013,12/FA,3017
CASS 302,12/FA,3018
CASS 228,12/FA,3019
CASS 404,12/FA,3020
WATS 402,12/FA,3021
CASS 319,12/FA,3023
CASS 411,12/FA,3028
CASS 207,12/FA,3032
CASS 226,12/FA,3033
GHUE 404,12/FA,3034
CASS 311,12/FA,3035
CASS 403,12/FA,3036
FACL 102,12/FA,3038
BURT 401,12/FA,3040
CASS 421,12/FA,3041
CASS 426,12/FA,3042
CASS 414,12/FA,3043
CASS 405,12/FA,3044
MYER 404,12/FA,3045
MYER 436,12/FA,3047
MYER 445,12/FA,3048
FACL 205,12/FA,3049
DAVI 107,12/FA,3052
GHUE 203,12/FA,3053
DAVI 407,12/FA,3055
WATS 208,12/FA,3057
BURT 130A,12/FA,3059
MYER 243,12/FA,3060
MYER 401,12/FA,3062
WATS 601,12/FA,3063
WATS 619,12/FA,3064
MYER 408,12/FA,3067
DAVI 408,12/FA,3068
BURT 106A,12/FA,3069
ALLE 208,12/FA,3071
WATS 210,12/FA,3074
GHUE 218,12/FA,3077
WATS 205,12/FA,3078
WATS 518,12/FA,3079
BURT 131A,12/FA,3080
DAVI 210,12/FA,3082
MYER 411,12/FA,3083
RICE 203A,12/FA,3084
MYER 446,12/FA,3085
WATS 310,12/FA,3087
MYER 337,12/FA,3090
WATS 408,12/FA,3091
MYER 438,12/FA,3094
GHUE 409,12/FA,3098
RICE 105A,12/FA,3099
BURT 417,12/FA,3102
BURT 419,12/FA,3103
WATS 405,12/FA,3104
WATS 209,12/FA,3106
BURT 110A,12/FA,3107
GHUE 418,12/FA,3108
GHUE 403,12/FA,3110
MYER 406,12/FA,3111
MYER 311,12/FA,3117
MYER 341,12/FA,3118
MYER 236,12/FA,3126
MYER 302,12/FA,3127
GHUE 318,12/FA,3129
MYER 301,12/FA,3130
MUSS 313,12/FA,3131
WATS 316,12/FA,3133
DAVI 108,12/FA,3134
MYER 201,12/FA,3135
GHUE 408,12/FA,3137
MUSS 406,12/FA,3139
MUSS 410,12/FA,3140
MYER 343,12/FA,3141
GHUE 305,12/FA,3142
WATS 515,12/FA,3145
MUSS 414,12/FA,3151
GHUE 314,12/FA,3153
WATS 410,12/FA,3154
WATS 311,12/FA,3155
WATS 703,12/FA,3157
MUSS 424,12/FA,3159
WATS 403,12/FA,3161
FACL 105,12/FA,3163
MYER 206,12/FA,3166
MUSS 426,12/FA,3167
WATS 603,12/FA,3168
MYER 242,12/FA,3172
WATS 710,12/FA,3175
GHUE 216,12/FA,3176
GHUE 113,12/FA,3177
WATS 615,12/FA,3180
MUSS 303,12/FA,3185
WATS 510,12/FA,3186
WATS 216,12/FA,3188
FACL 100,12/FA,3189
GHUE 339,12/FA,3191
GHUE 415,12/FA,3193
MYER 211,12/FA,3194
WATS 303,12/FA,3196
WATS 508,12/FA,3197
DAVI 115,12/FA,3201
GHUE 207,12/FA,3205
MUSS 420,12/FA,3206
WATS 312,12/FA,3207
GHUE 315,12/FA,3212
WATS 412,12/FA,3214
GHUE 441,12/FA,3219
GHUE 102,12/FA,3220
CASS 129,12/FA,3226
GHUE 243,12/FA,3228
MUSS 326,12/FA,3229
MUSS 317,12/FA,3230
WATS 416,12/FA,3232
MYER 203,12/FA,3236
GHUE 445,12/FA,3242
GHUE 328,12/FA,3245
DAVI 106,12/FA,3248
DAVI 406,12/FA,3254
WATS 503,12/FA,3260
MUSS 319,12/FA,3264
GHUE 335,12/FA,3265
GHUE 104,12/FA,3272
MUSS 325,12/FA,3277
MUSS 203,12/FA,3280
MUSS 318,12/FA,3281
WATS 418,12/FA,3282
MUSS 306,12/FA,3283
GHUE 309,12/FA,3287
GHUE 115,12/FA,3293
MUSS 411,12/FA,3294
GHUE 345,12/FA,3305
GHUE 428,12/FA,3315
MUSS 401,12/FA,3320
MUSS 417,12/FA,3329
MUSS 217,12/FA,3340
GHUE 139,12/FA,3347
GHUE 223,12/FA,3368
GHUE 228,12/FA,3384
GHUE 137,12/FA,3388
MUSS 202,12/FA,3397
GHUE 209,12/FA,3411
GHUE 214,12/FA,3442
GHUE 442,12/FA,3447
MYER 241,12/FA,3475